"Applicant","Edu_Parent1","Edu_Parent2","Gender","White","Asian","HSGPA","SAT/ACT","College","College_GPA"
7,6,6,"F",1,0,4.26,1430,"Math & Science",3.956
29,7,6,"M",1,0,3.95,1340,"Math & Science",3.361
47,3,6,"M",1,0,4.33,1200,"Business & Economics",3.433
62,7,7,"F",1,0,4.27,1530,"Business & Economics",3.89
66,6,7,"F",0,0,4.04,1270,"Math & Science",3.025
71,7,7,"F",1,0,3.56,1280,"Arts & Letters",2.564
73,7,6,"M",1,0,4.15,1390,"Math & Science",3.825
78,4,4,"M",0,0,4,1330,"Business & Economics",3.525
80,7,6,"F",1,0,4.09,1150,"Math & Science",3.595
86,7,7,"F",0,0,3.36,1130,"Arts & Letters",3.058
95,7,6,"M",0,0,3.75,1240,"Business & Economics",3.344
103,6,7,"F",1,0,3.82,1270,"Math & Science",3.106
112,6,6,"M",1,0,4.32,1500,"Math & Science",3.426
115,7,7,"F",0,0,4.2,1230,"Arts & Letters",3.116
117,7,6,"F",1,0,3.92,1320,"Math & Science",3.396
119,6,6,"F",1,0,3.83,1240,"Arts & Letters",3.926
125,7,7,"M",1,0,3.95,1300,"Arts & Letters",3.277
131,7,4,"F",0,0,3.89,1250,"Math & Science",3.357
136,6,7,"F",0,0,3.87,1170,"Arts & Letters",2.733
141,7,6,"M",1,0,3.82,1440,"Math & Science",1.847
148,7,7,"M",1,0,3.96,1120,"Math & Science",3.471
149,7,7,"F",1,0,4.21,1360,"Math & Science",3.123
166,7,7,"F",1,0,3.59,950,"Arts & Letters",2.255
170,6,7,"M",1,0,4,1340,"Math & Science",3.372
171,6,6,"F",1,0,3.4,1000,"Business & Economics",2.919
172,7,6,"F",1,0,4.27,1140,"Arts & Letters",3.386
175,7,7,"F",1,0,4,1210,"Business & Economics",3.079
178,6,6,"M",0,1,4,1250,"Arts & Letters",3.296
179,3,3,"F",0,0,3.61,1050,"Business & Economics",2.88
217,4,3,"M",0,0,4.33,1320,"Math & Science",3.935
222,6,6,"M",1,0,3.74,1260,"Business & Economics",2.81
224,5,3,"M",0,0,4.25,1310,"Math & Science",2.498
233,7,7,"M",1,0,4.04,1140,"Business & Economics",2.932
238,7,6,"F",1,0,3.8,1210,"Arts & Letters",3.128
239,4,6,"F",1,0,4.2,1140,"Business & Economics",3.641
240,4,4,"F",1,0,3.95,1340,"Arts & Letters",3.58
245,6,6,"F",1,0,3.72,1210,"Math & Science",2.287
250,7,4,"F",0,0,3.58,1200,"Arts & Letters",3.08
252,6,6,"M",0,1,3.45,1320,"Math & Science",2.27
258,7,6,"F",1,0,4.17,1360,"Business & Economics",2.986
261,6,7,"F",1,0,3.7,1150,"Arts & Letters",2.947
262,6,6,"F",1,0,4.05,1230,"Math & Science",3.602
263,6,6,"F",1,0,4,1210,"Arts & Letters",3.176
265,7,6,"F",1,0,4.33,1430,"Business & Economics",3.472
266,6,6,"F",1,0,3.04,1170,"Math & Science",2.88
276,7,6,"F",1,0,3.86,1330,"Business & Economics",3.599
277,3,5,"M",0,1,3.77,1170,"Business & Economics",2.671
282,6,6,"F",1,0,3.88,1310,"Business & Economics",3.468
285,7,7,"F",0,0,3.96,1240,"Arts & Letters",2.988
287,6,6,"M",0,1,3.55,1230,"Business & Economics",2.859
288,7,7,"M",0,0,3.32,1230,"Business & Economics",2.58
293,3,6,"F",0,1,3.75,1370,"Arts & Letters",3.467
302,7,7,"F",1,0,4.25,1300,"Business & Economics",3.71
310,6,6,"F",1,0,4.18,1290,"Business & Economics",3.039
327,5,6,"M",1,0,4.25,1350,"Math & Science",3.159
347,1,1,"M",0,0,3.73,1160,"Math & Science",3.133
350,6,6,"M",1,0,3.86,1250,"Arts & Letters",3.503
357,2,2,"F",0,1,3.68,1030,"Math & Science",2.479
361,6,6,"F",1,0,3.92,1160,"Arts & Letters",2.997
367,3,3,"F",0,0,3.54,1020,"Arts & Letters",3.395
372,7,6,"M",1,0,3.94,1260,"Business & Economics",3.1
373,5,4,"F",0,0,3.85,1170,"Arts & Letters",3.397
376,6,6,"F",1,0,3.9,1300,"Math & Science",3.205
380,6,3,"M",1,0,3.8,1320,"Math & Science",3.09
382,4,5,"F",1,0,3.84,1390,"Arts & Letters",3.338
393,3,5,"F",0,0,3.91,1230,"Math & Science",2.918
407,7,7,"F",1,0,4.25,1400,"Math & Science",3.639
408,3,3,"F",1,0,3.64,1290,"Math & Science",3.431
422,7,6,"F",0,0,3.95,1230,"Business & Economics",3.465
427,6,6,"F",0,1,3.95,1170,"Business & Economics",2.496
428,3,3,"F",1,0,4.11,1280,"Business & Economics",3.5
429,6,4,"M",1,0,4.23,1260,"Arts & Letters",3.351
430,7,6,"F",1,0,4.05,1320,"Arts & Letters",3.131
432,4,6,"F",1,0,4.09,1130,"Arts & Letters",3.699
435,6,7,"M",1,0,4.2,1430,"Math & Science",3.631
440,7,7,"F",1,0,4.27,1260,"Arts & Letters",4
442,7,6,"M",1,0,3.25,1120,"Math & Science",2.83
448,7,6,"F",0,0,3.9,1290,"Math & Science",2.953
450,6,4,"F",1,0,3.78,1260,"Math & Science",3.678
454,7,7,"F",1,0,4.05,1310,"Arts & Letters",3.878
457,3,6,"F",1,0,3.88,1140,"Arts & Letters",3.374
462,7,7,"M",1,0,3.32,1220,"Math & Science",2.992
463,4,7,"M",0,1,3.67,1190,"Arts & Letters",3.288
490,3,6,"F",1,0,3.59,1180,"Arts & Letters",2.854
492,3,7,"F",1,0,3.86,1110,"Math & Science",0.757
495,4,6,"F",1,0,4.33,1540,"Math & Science",3.245
496,4,6,"M",1,0,4.3,1280,"Math & Science",3.182
501,4,4,"M",1,0,4,1260,"Math & Science",2.926
504,6,6,"F",1,0,3.75,1190,"Business & Economics",2.691
508,6,1,"M",0,0,3.71,930,"Business & Economics",3.024
512,7,6,"M",1,0,3.79,1370,"Business & Economics",3.376
524,4,5,"F",0,1,4.14,1250,"Business & Economics",3.474
525,6,4,"F",1,0,3.73,1420,"Math & Science",3.813
528,6,6,"F",1,0,3.95,1370,"Arts & Letters",3.68
538,7,6,"F",1,0,3.85,1280,"Business & Economics",2.094
553,7,5,"F",1,0,4.17,1190,"Arts & Letters",3.788
556,6,4,"F",0,0,3.62,1180,"Math & Science",3.23
559,4,7,"F",1,0,3.91,1190,"Arts & Letters",2.686
565,6,4,"F",1,0,4.35,1210,"Math & Science",3.83
567,5,6,"F",0,0,3.95,1110,"Arts & Letters",3.036
573,3,3,"F",0,0,3.83,1440,"Business & Economics",3.823
576,7,5,"M",1,0,2.86,920,"Math & Science",2.722
577,3,7,"F",1,0,4,1320,"Business & Economics",3.028
581,7,7,"M",1,0,3.95,1270,"Business & Economics",3.066
582,4,5,"M",1,0,3.84,1440,"Math & Science",3.306
584,7,7,"M",1,0,3.64,1230,"Arts & Letters",3.347
588,7,6,"M",1,0,4.21,1190,"Math & Science",3.704
597,4,4,"M",1,0,3.94,1150,"Arts & Letters",2.865
598,6,7,"M",1,0,3.6,1370,"Business & Economics",3.132
599,6,6,"F",1,0,3.95,1250,"Business & Economics",3.136
600,6,7,"F",1,0,4.15,1370,"Arts & Letters",2.504
604,5,5,"F",1,0,3.85,1500,"Math & Science",2.704
608,6,6,"M",0,0,3.29,1280,"Math & Science",2.979
611,6,4,"F",1,0,3.77,1210,"Arts & Letters",2.97
613,7,7,"F",1,0,3.73,1300,"Math & Science",2.818
617,6,7,"F",1,0,4.12,1290,"Math & Science",2.929
622,7,6,"F",1,0,4.17,1170,"Math & Science",3.302
626,2,2,"M",0,0,4,950,"Arts & Letters",3.381
629,7,7,"F",1,0,4.33,1290,"Math & Science",3.47
631,4,7,"M",1,0,4.05,1100,"Business & Economics",3.078
636,4,7,"M",1,0,4.05,1410,"Business & Economics",3.325
639,4,6,"F",0,0,3.64,1070,"Math & Science",3.336
641,7,4,"M",1,0,3.77,1370,"Math & Science",2.787
645,4,4,"F",1,0,3.75,1190,"Math & Science",3.028
648,6,6,"M",1,0,4.27,1540,"Business & Economics",3.764
651,7,6,"F",1,0,3.58,1270,"Arts & Letters",3.219
654,6,6,"M",1,0,3.62,1280,"Arts & Letters",3.362
688,2,5,"F",0,0,4.07,1230,"Math & Science",3.078
701,7,7,"F",1,0,3.75,910,"Math & Science",2.876
707,6,6,"F",1,0,3.86,980,"Arts & Letters",3.026
710,5,4,"F",0,0,3.36,1280,"Math & Science",1.981
715,6,5,"M",1,0,3.9,1200,"Business & Economics",3.575
724,7,6,"F",1,0,3.64,1310,"Math & Science",2.292
732,6,6,"F",1,0,3.95,1120,"Math & Science",3.013
735,7,6,"F",1,0,3.45,1250,"Business & Economics",2.876
745,5,7,"M",1,0,3.6,1390,"Arts & Letters",3.817
757,6,6,"F",1,0,3.55,1430,"Arts & Letters",3.73
761,7,7,"M",1,0,2.82,1380,"Arts & Letters",2.719
772,2,2,"F",0,1,3.41,1260,"Math & Science",3.276
775,7,7,"F",0,1,4.04,1300,"Business & Economics",2.966
782,7,7,"F",1,0,3.96,1160,"Math & Science",3.146
784,6,6,"F",1,0,4.17,1430,"Arts & Letters",3.932
792,7,7,"F",1,0,4.27,1290,"Business & Economics",3.937
794,6,6,"M",1,0,3.5,1240,"Arts & Letters",3.331
800,2,4,"F",1,0,3.96,1170,"Math & Science",2.938
809,6,7,"M",1,0,3.55,1410,"Business & Economics",2.975
810,7,6,"F",1,0,4,1130,"Math & Science",3.249
823,5,3,"F",1,0,4.17,1080,"Arts & Letters",3.478
837,3,3,"F",1,0,4.2,1150,"Business & Economics",3.373
841,4,4,"F",1,0,2.75,1000,"Business & Economics",2.595
847,6,6,"M",1,0,3.75,1300,"Business & Economics",2.98
853,3,3,"F",1,0,4.18,1490,"Arts & Letters",3.04
854,7,6,"F",1,0,4.05,1200,"Math & Science",3.069
862,6,5,"M",1,0,4.24,1270,"Math & Science",3.748
874,7,6,"M",1,0,3.91,1280,"Business & Economics",3.264
886,6,7,"F",1,0,3.82,1230,"Arts & Letters",3.113
896,6,7,"M",1,0,4,1320,"Arts & Letters",2.881
897,4,4,"F",1,0,3.92,1560,"Business & Economics",3.92
904,6,6,"M",1,0,3.9,1230,"Math & Science",3.547
907,6,5,"M",1,0,3.36,1300,"Arts & Letters",2.886
908,6,6,"F",1,0,4.17,1310,"Business & Economics",3.537
910,7,7,"M",1,0,3.84,1240,"Business & Economics",2.825
912,6,6,"F",1,0,3.52,1130,"Arts & Letters",3.511
916,3,3,"M",1,0,4.05,1480,"Math & Science",2.674
920,4,6,"F",1,0,4.12,1400,"Arts & Letters",3.298
922,6,6,"M",1,0,4,1220,"Arts & Letters",3.618
925,5,5,"M",0,0,3.95,1110,"Business & Economics",3.046
927,6,7,"F",1,0,3.88,1190,"Arts & Letters",3.479
928,6,6,"F",1,0,3.92,1170,"Math & Science",2.862
948,6,5,"M",1,0,3.9,1330,"Business & Economics",3.576
960,6,6,"F",1,0,3.86,1170,"Arts & Letters",3.664
968,6,7,"F",1,0,4.13,1300,"Math & Science",3.483
985,5,6,"M",1,0,4.11,1430,"Business & Economics",3.643
1001,7,6,"M",1,0,4.09,1390,"Math & Science",3.244
1013,6,6,"M",1,0,3.2,1150,"Business & Economics",2.451
1019,5,6,"F",1,0,3.81,1340,"Math & Science",2.884
1023,6,5,"F",1,0,3.73,1210,"Business & Economics",2.701
1026,6,5,"F",0,0,4.15,980,"Arts & Letters",2.851
1038,7,7,"M",1,0,4.04,1390,"Math & Science",3.392
1046,6,7,"F",1,0,3.79,1230,"Math & Science",3.521
1051,3,6,"F",1,0,4.04,1380,"Arts & Letters",3.812
1061,6,7,"F",1,0,3.38,1110,"Arts & Letters",3.193
1068,6,5,"F",1,0,4.19,1390,"Business & Economics",3.391
1071,7,7,"F",1,0,3.9,1190,"Arts & Letters",3.288
1080,3,6,"M",1,0,4.12,1430,"Business & Economics",3.477
1082,6,4,"F",1,0,4.19,1270,"Arts & Letters",3.86
1089,7,6,"F",1,0,4.18,1240,"Arts & Letters",3.634
1126,7,7,"M",1,0,3.54,1230,"Business & Economics",3.541
1134,6,7,"M",1,0,3.58,1190,"Business & Economics",2.507
1139,6,6,"M",1,0,3.76,1190,"Arts & Letters",2.547
1151,7,7,"F",1,0,4.14,1260,"Arts & Letters",3.486
1163,6,4,"F",1,0,4,1100,"Business & Economics",3.099
1174,5,4,"F",1,0,4.17,1520,"Math & Science",3.929
1180,6,6,"M",1,0,4.25,1420,"Arts & Letters",3.408
1186,6,6,"M",0,1,3.59,1000,"Arts & Letters",2.287
1193,7,7,"F",1,0,3.81,1290,"Arts & Letters",3.29
1201,7,6,"F",1,0,4.29,1280,"Math & Science",3.791
1208,6,6,"F",0,0,4.14,1320,"Business & Economics",3.284
1217,6,6,"M",1,0,3.91,1380,"Arts & Letters",3.221
1225,7,7,"M",1,0,4.15,1330,"Math & Science",3.099
1226,6,7,"F",1,0,4.1,1210,"Math & Science",2.96
1229,6,6,"F",1,0,4,1190,"Arts & Letters",3.007
1232,4,4,"M",0,1,3.59,1160,"Arts & Letters",2.703
1238,4,4,"F",1,0,3.95,1260,"Arts & Letters",1.742
1263,6,6,"F",1,0,3.95,1430,"Math & Science",3.769
1294,4,4,"F",0,1,3.7,890,"Arts & Letters",2.878
1300,7,7,"F",1,0,3.58,1250,"Arts & Letters",3.299
1322,6,6,"F",1,0,3.79,1200,"Arts & Letters",3.587
1339,1,2,"M",0,0,3.3,1140,"Business & Economics",2.535
1360,5,5,"M",1,0,3.74,1090,"Math & Science",2.446
1372,6,6,"F",0,1,3.74,1140,"Math & Science",2.283
1381,3,3,"F",1,0,3.52,1080,"Arts & Letters",2.777
1382,7,3,"F",0,1,3.8,1120,"Math & Science",1.35
1383,6,4,"M",0,0,3.86,1170,"Arts & Letters",2.909
1384,4,4,"F",1,0,3.79,1060,"Business & Economics",2.03
1394,7,6,"F",1,0,3.64,1220,"Business & Economics",3.298
1397,7,7,"M",1,0,4.04,1550,"Math & Science",2.987
1399,6,6,"M",1,0,3.5,1280,"Business & Economics",3.048
1400,6,4,"M",1,0,3.64,1310,"Business & Economics",3.153
1403,4,7,"F",1,0,4.24,1460,"Arts & Letters",3.174
1409,6,6,"M",0,0,3.78,1420,"Business & Economics",2.889
1413,4,6,"F",1,0,3.3,1040,"Business & Economics",2.888
1418,6,6,"F",1,0,3.71,1150,"Arts & Letters",3.258
1427,7,6,"F",1,0,3.82,1360,"Math & Science",3.338
1429,6,6,"M",1,0,3.88,1290,"Math & Science",3.57
1436,6,4,"F",1,0,4.17,1300,"Arts & Letters",3.465
1438,6,6,"M",1,0,3.08,1190,"Arts & Letters",3.51
1446,6,5,"F",0,0,4.33,1230,"Math & Science",3.231
1450,7,7,"M",1,0,3.32,1260,"Arts & Letters",2.569
1456,6,4,"M",1,0,4.14,1520,"Math & Science",3.347
1460,6,7,"M",1,0,3.58,1280,"Arts & Letters",3.391
1461,4,4,"M",0,0,3.35,1140,"Business & Economics",1.815
1467,6,6,"M",1,0,4.26,1310,"Math & Science",3.325
1475,6,6,"F",1,0,3.33,1110,"Arts & Letters",3.087
1482,7,6,"M",1,0,3.79,1340,"Arts & Letters",3.604
1486,6,6,"F",1,0,4.2,1280,"Arts & Letters",3.542
1487,6,4,"M",1,0,4.05,1360,"Math & Science",3.449
1490,7,6,"M",1,0,3.61,1110,"Math & Science",2.373
1491,7,7,"F",1,0,4.42,1330,"Business & Economics",3.959
1493,7,3,"F",1,0,4.27,1300,"Arts & Letters",3.881
1494,6,6,"F",1,0,4.32,1060,"Math & Science",3.426
1495,4,4,"M",1,0,3.88,1260,"Business & Economics",2.947
1497,3,7,"M",1,0,3.76,1170,"Math & Science",3.378
1513,6,4,"M",1,0,3.73,1330,"Math & Science",2.967
1517,7,7,"F",1,0,3.9,1310,"Math & Science",2.869
1518,6,6,"M",0,0,3.5,1130,"Business & Economics",3.029
1521,7,7,"F",1,0,3.88,1390,"Arts & Letters",3.784
1522,7,7,"M",1,0,3.4,1350,"Arts & Letters",2.544
1527,6,6,"M",1,0,3.76,1110,"Math & Science",3.169
1531,6,6,"F",1,0,4.14,1460,"Math & Science",3.261
1537,4,7,"F",0,0,4.05,1310,"Business & Economics",3.204
1542,6,6,"F",0,1,3.76,1030,"Business & Economics",2.576
1546,7,6,"F",1,0,3.74,1130,"Business & Economics",2.789
1547,7,7,"F",1,0,4.14,1270,"Arts & Letters",3.687
1554,4,6,"F",1,0,3.73,1410,"Business & Economics",3.172
1564,6,7,"M",1,0,4.1,1440,"Math & Science",3.785
1573,7,5,"M",1,0,3.68,1240,"Math & Science",2.051
1574,6,4,"F",0,0,3.94,1310,"Math & Science",2.38
1590,5,5,"M",1,0,3.9,1390,"Math & Science",3.165
1606,3,6,"F",1,0,4,1550,"Business & Economics",3.272
1615,6,3,"F",0,0,4.08,1370,"Arts & Letters",3.332
1624,1,1,"M",0,1,3.77,1100,"Arts & Letters",2.928
1626,4,4,"M",1,0,3.9,1200,"Math & Science",3.519
1634,6,6,"F",1,0,3.54,1110,"Arts & Letters",2.744
1639,7,7,"F",1,0,3.95,1450,"Arts & Letters",3.458
1640,7,6,"M",1,0,3.92,1130,"Business & Economics",3.61
1643,6,4,"F",1,0,4.12,1370,"Math & Science",3.878
1645,6,5,"F",0,0,4.36,1200,"Math & Science",3.277
1646,4,3,"M",0,0,3.55,1160,"Arts & Letters",2.725
1648,4,6,"F",1,0,4.33,1260,"Arts & Letters",3.471
1663,6,6,"M",0,1,3.93,1300,"Business & Economics",3.248
1667,3,3,"F",1,0,3.91,1190,"Arts & Letters",3.108
1676,6,7,"F",1,0,3.77,1140,"Arts & Letters",3.517
1681,3,3,"F",0,1,3.66,1230,"Business & Economics",3.21
1688,4,5,"F",1,0,4.32,1280,"Arts & Letters",3.513
1690,6,4,"M",0,0,3.54,1320,"Arts & Letters",2.253
1698,2,2,"M",0,1,3.45,1220,"Arts & Letters",3.021
1700,7,7,"M",1,0,3.36,1510,"Math & Science",2.397
1701,6,6,"M",1,0,3.88,1190,"Arts & Letters",3.188
1702,4,4,"F",1,0,4.14,1180,"Math & Science",3.088
1703,6,6,"F",1,0,4.14,1280,"Math & Science",3.761
1707,6,6,"M",1,0,3.73,1230,"Business & Economics",3.199
1711,3,2,"F",1,0,3.85,1120,"Arts & Letters",3.571
1714,4,4,"F",1,0,3.29,1290,"Math & Science",2.773
1716,6,6,"F",1,0,3.86,970,"Business & Economics",2.953
1720,5,5,"M",1,0,4,1270,"Business & Economics",3.263
1721,7,7,"F",0,0,4.2,1380,"Arts & Letters",3.265
1725,4,4,"F",1,0,4,1250,"Arts & Letters",3.725
1726,6,4,"M",1,0,3.7,1310,"Business & Economics",2.674
1730,4,5,"F",0,0,3.52,1410,"Arts & Letters",3.465
1737,6,6,"F",1,0,3.96,1300,"Business & Economics",3.16
1738,6,4,"F",0,0,4.1,1170,"Math & Science",2.559
1743,7,7,"F",1,0,4.14,1170,"Math & Science",3.541
1747,6,4,"F",1,0,4.25,1430,"Math & Science",3.386
1748,5,4,"F",1,0,4.2,1260,"Arts & Letters",3.711
1754,3,2,"F",0,0,3.55,1210,"Math & Science",3.001
1756,4,4,"F",1,0,3.15,1080,"Math & Science",2.736
1771,7,6,"F",1,0,4.25,1230,"Arts & Letters",3.578
1774,6,6,"F",1,0,3.68,1330,"Arts & Letters",3.468
1783,4,5,"M",1,0,3.75,1270,"Math & Science",3.295
1790,3,3,"F",1,0,3.64,1530,"Math & Science",2.578
1793,6,5,"F",1,0,4,1340,"Arts & Letters",3.795
1797,7,6,"M",0,0,3.65,1310,"Arts & Letters",2.984
1800,4,4,"F",0,0,3.75,1190,"Math & Science",3.035
1802,5,4,"F",0,0,3.7,1150,"Arts & Letters",2.755
1806,7,7,"F",1,0,3.71,1290,"Math & Science",3.429
1810,6,4,"F",1,0,4,1280,"Math & Science",3.173
1812,6,6,"F",1,0,3.27,1370,"Business & Economics",3.187
1813,7,7,"F",1,0,4.08,1240,"Math & Science",3.658
1815,7,4,"F",1,0,4.3,1550,"Business & Economics",3.224
1818,7,3,"F",1,0,3.75,1140,"Math & Science",3.508
1826,6,6,"F",1,0,4.1,1300,"Arts & Letters",3.817
1841,6,7,"F",1,0,3.9,1200,"Business & Economics",3.456
1856,1,2,"M",0,0,3.38,1140,"Business & Economics",2.883
1868,6,6,"M",1,0,3.41,1070,"Business & Economics",2.965
1881,6,6,"F",1,0,3.91,1360,"Math & Science",2.845
1891,6,7,"M",1,0,3.55,1230,"Math & Science",2.655
1897,6,6,"M",1,0,2.94,1100,"Arts & Letters",2.786
1899,6,6,"M",1,0,3.08,1100,"Business & Economics",2.524
1914,4,3,"F",1,0,2.64,990,"Arts & Letters",2.749
1926,4,5,"M",0,0,4.14,1310,"Arts & Letters",3.799
1931,7,7,"M",1,0,3.92,1440,"Math & Science",3.895
1941,6,6,"M",0,0,4.22,1330,"Business & Economics",3.94
1946,4,5,"F",1,0,3.56,1360,"Business & Economics",3.344
1950,3,3,"F",1,0,4.09,1270,"Math & Science",3.483
1956,4,4,"F",1,0,3.9,1100,"Arts & Letters",2.857
1959,7,6,"M",1,0,3.86,1370,"Math & Science",3.434
1960,6,6,"F",1,0,4.29,1340,"Math & Science",3.936
1969,3,5,"F",0,0,2.88,970,"Math & Science",2.946
1972,1,1,"M",0,0,3.54,1040,"Math & Science",2.336
1978,6,6,"M",1,0,3.55,1430,"Math & Science",1.94
1989,7,7,"F",1,0,4.18,1160,"Arts & Letters",3.433
1992,4,6,"F",1,0,4,1210,"Math & Science",3.375
1993,6,7,"F",0,0,3.73,1230,"Arts & Letters",3.005
2016,6,6,"F",1,0,3.77,1130,"Arts & Letters",3.29
2021,6,6,"F",1,0,3.5,1260,"Arts & Letters",3.106
2024,7,7,"M",1,0,4.2,1500,"Business & Economics",3.636
2030,4,4,"M",1,0,3.32,1480,"Business & Economics",3.072
2044,7,7,"F",1,0,3.96,1190,"Math & Science",3.629
2061,6,5,"F",1,0,3.82,1320,"Math & Science",3.832
2063,5,4,"F",0,0,3.3,1100,"Arts & Letters",2.462
2067,6,4,"F",1,0,3.6,1190,"Arts & Letters",2.013
2084,6,6,"M",1,0,4.25,1380,"Math & Science",3.313
2088,6,7,"M",1,0,3.67,1270,"Business & Economics",2.079
2096,6,4,"F",1,0,3.79,1260,"Business & Economics",3.225
2097,6,6,"F",1,0,4.2,1120,"Math & Science",3
2106,7,7,"M",0,1,4.15,1340,"Math & Science",3.318
2113,6,6,"M",1,0,4,1320,"Business & Economics",3.769
2116,6,6,"M",1,0,3.85,1360,"Business & Economics",2.855
2121,7,6,"M",1,0,3.8,1260,"Business & Economics",3.081
2123,7,7,"F",1,0,4.04,1510,"Business & Economics",3.772
2127,6,7,"F",1,0,4.26,1170,"Business & Economics",3.535
2135,7,6,"F",0,0,3.78,1290,"Arts & Letters",3.689
2151,6,4,"F",0,0,4.25,1230,"Math & Science",2.195
2156,3,6,"F",1,0,4.12,1100,"Business & Economics",3.309
2170,7,7,"F",1,0,4.14,1190,"Math & Science",3.321
2215,5,6,"F",1,0,4.21,1400,"Arts & Letters",3.67
2232,7,7,"M",1,0,4,1210,"Arts & Letters",3.436
2236,7,6,"M",1,0,3.18,1150,"Business & Economics",2.789
2237,6,4,"M",1,0,3.95,1200,"Arts & Letters",3.32
2246,6,6,"F",0,0,3.65,1230,"Arts & Letters",3.452
2252,7,7,"F",1,0,4.08,1260,"Math & Science",3.836
2253,7,7,"F",1,0,3.85,1410,"Arts & Letters",3.204
2260,6,7,"M",1,0,3.8,1500,"Business & Economics",3.352
2268,2,2,"F",1,0,3.32,880,"Math & Science",2.983
2269,6,6,"M",1,0,4.14,1490,"Math & Science",3.683
2270,7,7,"M",1,0,3.75,1260,"Business & Economics",3.193
2277,3,4,"F",1,0,4.03,1130,"Math & Science",3.539
2290,1,1,"F",0,0,4.3,1340,"Business & Economics",3.283
2298,6,6,"F",1,0,3.48,1160,"Arts & Letters",2.776
2301,6,6,"F",1,0,3.96,1420,"Arts & Letters",3.905
2303,4,4,"F",1,0,3.54,1200,"Math & Science",2.624
2321,7,6,"M",1,0,4.1,1300,"Arts & Letters",3.644
2322,6,6,"F",1,0,3.55,1310,"Math & Science",3.11
2329,6,6,"M",1,0,3.1,1210,"Business & Economics",2.879
2352,6,4,"F",1,0,4.36,1270,"Math & Science",3.57
2367,6,6,"M",1,0,3.81,1330,"Business & Economics",3.326
2371,6,4,"M",1,0,3.79,1350,"Math & Science",3.354
2394,6,5,"F",1,0,3.93,1120,"Arts & Letters",3.327
2413,4,6,"F",1,0,3.85,1210,"Business & Economics",3.541
2423,7,7,"M",1,0,3.96,1300,"Business & Economics",3.167
2445,7,7,"F",1,0,3.9,1190,"Math & Science",3.82
2463,6,6,"F",1,0,4.05,1300,"Arts & Letters",3.323
2483,6,6,"F",1,0,3.95,1430,"Math & Science",3.555
2531,6,6,"M",1,0,3.68,1170,"Business & Economics",3.103
2535,3,6,"M",0,1,3.91,1330,"Math & Science",2.767
2574,7,7,"F",1,0,3.77,1220,"Arts & Letters",3.078
2578,6,7,"F",1,0,3.45,1280,"Arts & Letters",3.296
2592,3,3,"M",1,0,3.96,1260,"Business & Economics",2.77
2593,6,7,"F",0,0,4,1160,"Business & Economics",3.158
2600,4,3,"F",1,0,4.12,1340,"Arts & Letters",3.425
2608,7,7,"M",1,0,4.05,1320,"Arts & Letters",3.651
2611,6,4,"F",1,0,4.08,1270,"Math & Science",3.376
2625,7,4,"M",1,0,4.05,1480,"Business & Economics",3.807
2627,7,7,"F",1,0,3.36,1250,"Arts & Letters",3.188
2658,4,7,"F",0,0,3.88,1230,"Math & Science",2.646
2676,6,6,"F",1,0,3.86,1250,"Math & Science",3.016
2688,6,6,"F",1,0,3.78,1040,"Math & Science",3.124
2691,6,6,"F",1,0,4.36,1220,"Arts & Letters",3.465
2692,7,7,"F",0,0,3.7,1350,"Business & Economics",2.926
2698,7,6,"M",0,0,3.94,1410,"Business & Economics",3.005
2704,7,7,"F",1,0,4.05,1160,"Business & Economics",3.14
2718,3,4,"F",1,0,3.73,1340,"Math & Science",3.584
2722,6,6,"M",1,0,3.33,1170,"Arts & Letters",2.911
2733,6,6,"F",1,0,4,1170,"Business & Economics",3.247
2746,6,5,"F",0,0,3.71,1050,"Arts & Letters",3.74
2748,7,6,"F",0,0,4.08,1350,"Arts & Letters",3.82
2762,6,3,"M",1,0,3.15,1090,"Business & Economics",1.886
2766,7,6,"M",1,0,3.64,1280,"Arts & Letters",3.299
2773,6,6,"F",1,0,3.4,1460,"Arts & Letters",3.57
2787,7,7,"M",1,0,4.2,1320,"Arts & Letters",3.126
2793,1,1,"F",0,0,3.45,850,"Business & Economics",1.679
2819,7,6,"F",1,0,4.23,1180,"Math & Science",3.46
2820,4,4,"F",0,0,3.41,1210,"Math & Science",3.205
2828,7,7,"F",1,0,3.8,1320,"Arts & Letters",3.308
2830,6,4,"F",1,0,4.32,1180,"Arts & Letters",2.812
2837,3,3,"M",1,0,3.45,1390,"Math & Science",3.071
2839,7,5,"M",0,0,3.71,1150,"Business & Economics",2.948
2845,7,7,"F",1,0,4,1320,"Business & Economics",3.382
2847,7,6,"F",1,0,4.08,1060,"Math & Science",3.016
2857,6,7,"M",1,0,3.67,1250,"Business & Economics",3.227
2864,7,7,"F",1,0,3.32,1210,"Arts & Letters",2.93
2874,6,2,"M",0,0,4.32,1180,"Business & Economics",3.317
2881,5,6,"F",1,0,3.69,1170,"Arts & Letters",2.568
2896,6,7,"M",1,0,3.8,1340,"Arts & Letters",2.392
2907,6,6,"M",1,0,3.59,1210,"Business & Economics",2.905
2925,4,4,"F",1,0,3.41,1300,"Arts & Letters",2.917
2936,4,6,"F",1,0,3.6,1230,"Arts & Letters",2.683
2939,7,6,"F",1,0,4.2,1440,"Business & Economics",3.344
2955,6,6,"F",0,1,4.3,1110,"Math & Science",3.502
2956,7,7,"F",0,0,4.36,1450,"Arts & Letters",3.972
2965,4,6,"F",0,0,4.14,1420,"Math & Science",3.173
2967,6,6,"M",1,0,2.96,1230,"Math & Science",2.018
2968,6,6,"M",1,0,3.92,1210,"Business & Economics",2.766
2970,4,4,"F",1,0,3.41,1110,"Business & Economics",2.822
2976,7,5,"M",1,0,4.17,1360,"Math & Science",2.744
2994,4,3,"F",0,0,4.04,1210,"Math & Science",3.461
2996,7,6,"F",1,0,4.2,1400,"Math & Science",3.81
2997,4,4,"F",1,0,4.18,1150,"Math & Science",2.94
3001,6,4,"F",1,0,3.13,1010,"Arts & Letters",3.116
3019,3,6,"M",0,0,4,1280,"Business & Economics",2.864
3036,6,5,"F",1,0,3.54,1030,"Business & Economics",2.767
3038,6,4,"F",1,0,3.41,1250,"Arts & Letters",3.601
3046,3,7,"F",1,0,4.04,1250,"Math & Science",3.097
3062,7,7,"M",1,0,3.77,1400,"Business & Economics",2.461
3072,6,6,"F",1,0,4.12,1200,"Business & Economics",3.348
3073,5,6,"M",0,0,3.85,1020,"Business & Economics",2.637
3089,7,5,"F",1,0,3.86,1200,"Math & Science",2.782
3092,6,4,"F",1,0,3.81,1210,"Arts & Letters",3.215
3093,7,5,"M",1,0,3.75,1330,"Math & Science",2.994
3094,6,6,"M",1,0,3.65,1170,"Business & Economics",3.2
3098,6,7,"F",1,0,3.82,1320,"Arts & Letters",3.584
3100,6,6,"M",0,1,3.58,1320,"Math & Science",2.303
3115,6,7,"F",1,0,4.04,1350,"Arts & Letters",3.658
3133,6,4,"M",0,0,4,1350,"Business & Economics",3.597
3141,7,3,"F",0,1,3.64,1320,"Math & Science",2.493
3143,6,6,"F",1,0,3.88,1320,"Arts & Letters",3.57
3186,6,6,"M",1,0,4.2,1210,"Business & Economics",3.131
3197,6,4,"F",1,0,2.85,1110,"Arts & Letters",2.255
3199,7,4,"F",1,0,3.57,1130,"Arts & Letters",3.642
3226,6,5,"M",1,0,4.22,1450,"Business & Economics",3.785
3255,7,7,"F",0,1,3.83,1500,"Math & Science",3.292
3259,7,6,"M",0,1,3.77,1290,"Business & Economics",3.456
3260,7,7,"M",0,0,4.05,1440,"Business & Economics",3.274
3270,7,5,"M",1,0,4.09,1310,"Arts & Letters",4
3290,4,4,"F",1,0,4.35,1150,"Arts & Letters",3.242
3295,7,7,"M",0,0,4.23,1240,"Arts & Letters",3.673
3296,3,6,"F",0,1,3.7,1010,"Math & Science",3.257
3297,7,7,"M",1,0,4.1,1320,"Business & Economics",3.134
3303,6,6,"F",1,0,3.3,1070,"Arts & Letters",2.623
3318,2,2,"M",1,0,3.1,1100,"Business & Economics",1.543
3341,7,7,"F",1,0,4.21,1180,"Arts & Letters",3.306
3369,7,7,"F",1,0,4,1170,"Math & Science",3.113
3373,4,4,"M",0,1,3.83,1260,"Math & Science",2.284
3385,4,6,"F",1,0,3.73,1180,"Arts & Letters",3.236
3395,7,7,"F",1,0,3.92,1230,"Arts & Letters",3.372
3417,4,4,"F",1,0,3.48,1310,"Arts & Letters",3.505
3425,5,7,"M",1,0,3.68,1250,"Business & Economics",3.245
3427,7,6,"F",1,0,3.42,1190,"Arts & Letters",2.698
3438,1,1,"M",0,0,3.52,1140,"Math & Science",3.271
3463,6,6,"F",1,0,3.92,1460,"Business & Economics",2.936
3484,6,6,"F",1,0,4.2,1210,"Business & Economics",3.451
3489,7,7,"F",1,0,4.33,1570,"Math & Science",4
3490,6,4,"F",1,0,3.55,1230,"Business & Economics",2.479
3493,3,7,"M",1,0,3.55,1430,"Business & Economics",3.269
3497,4,4,"M",0,0,3.68,1190,"Math & Science",2.565
3498,6,4,"F",1,0,3.29,1040,"Arts & Letters",2.467
3503,2,1,"F",1,0,3.5,1080,"Math & Science",2.853
3506,7,7,"F",1,0,4.15,1340,"Business & Economics",3.377
3518,7,6,"M",1,0,3.71,1270,"Business & Economics",3.09
3521,6,7,"F",1,0,3.21,1310,"Arts & Letters",2.413
3537,7,6,"M",0,0,4,1340,"Business & Economics",3.21
3540,7,6,"F",0,0,4.05,1190,"Business & Economics",3.443
3541,5,2,"F",1,0,3.69,1120,"Math & Science",3.298
3546,4,3,"M",1,0,3.5,1430,"Math & Science",3.188
3565,7,6,"F",1,0,3.65,1160,"Math & Science",2.925
3584,4,6,"F",1,0,4.14,1220,"Arts & Letters",3.417
3594,7,7,"F",1,0,3.97,1270,"Math & Science",3.389
3598,4,4,"M",0,1,4.09,1370,"Business & Economics",2.604
3638,7,6,"F",1,0,3.64,1240,"Arts & Letters",3.421
3659,6,6,"F",1,0,3.08,1270,"Business & Economics",2.571
3688,6,6,"M",1,0,3.45,1180,"Business & Economics",2.66
3690,6,7,"F",0,0,4.14,1380,"Math & Science",2.957
3693,6,7,"F",1,0,3.62,1220,"Math & Science",2.628
3697,6,6,"M",1,0,3.83,1360,"Business & Economics",3.367
3711,5,5,"M",1,0,4.12,1130,"Math & Science",2.806
3715,6,6,"F",1,0,4.27,1250,"Business & Economics",3.107
3716,2,7,"F",1,0,3.18,1110,"Arts & Letters",2.838
3729,6,7,"M",0,1,3.78,1420,"Math & Science",3.047
3748,4,4,"F",0,0,4.04,1230,"Business & Economics",2.949
3753,6,3,"M",1,0,3.91,1370,"Math & Science",2.767
3758,6,6,"F",1,0,3.91,1230,"Math & Science",3.573
3764,3,3,"M",1,0,4.08,1110,"Business & Economics",3.081
3781,7,7,"M",1,0,3.28,1440,"Math & Science",2.899
3819,7,7,"F",1,0,3.54,1380,"Business & Economics",3.534
3825,4,3,"F",1,0,4.04,1180,"Arts & Letters",3.252
3836,6,6,"F",1,0,3.78,1230,"Arts & Letters",3.161
3864,7,5,"M",1,0,3.14,1260,"Business & Economics",2.197
3873,6,4,"M",1,0,4.27,1230,"Business & Economics",3.818
3876,7,6,"M",1,0,3.7,1340,"Arts & Letters",3.176
3886,6,6,"F",1,0,4.12,1400,"Business & Economics",3.922
3900,6,6,"F",1,0,3.94,1270,"Math & Science",2.739
3901,6,6,"F",1,0,4,1210,"Business & Economics",3.758
3906,5,5,"F",1,0,3.65,1150,"Arts & Letters",2.644
3944,7,6,"F",1,0,3.9,1340,"Arts & Letters",3.717
3967,1,3,"F",0,0,3.28,1100,"Arts & Letters",1.92
3971,4,7,"M",1,0,4.08,1270,"Math & Science",3.786
3979,2,6,"F",0,0,4.05,1300,"Math & Science",2.775
3987,3,5,"M",1,0,4.12,1220,"Math & Science",2.647
4001,5,4,"M",1,0,4.19,1310,"Math & Science",2.349
4013,6,6,"F",1,0,4.17,1280,"Arts & Letters",3.851
4029,7,7,"F",0,0,3.5,1280,"Arts & Letters",2.402
4030,5,5,"M",1,0,4,1120,"Business & Economics",2.374
4041,3,6,"F",1,0,3.42,1130,"Arts & Letters",3.145
4049,3,7,"M",1,0,3.9,1350,"Business & Economics",3.246
4056,6,7,"F",1,0,3.89,1120,"Arts & Letters",3.584
4060,6,5,"M",1,0,3.27,1220,"Arts & Letters",2.853
4070,7,7,"F",1,0,3.59,1270,"Arts & Letters",3.331
4082,7,6,"M",1,0,3.77,1290,"Business & Economics",3.124
4103,7,6,"F",0,0,3.57,1340,"Business & Economics",3.052
4104,6,3,"M",1,0,4.17,1240,"Business & Economics",3.344
4142,6,6,"M",0,0,4.12,1350,"Math & Science",3.284
4192,6,5,"F",1,0,3.68,1120,"Arts & Letters",3.221
4216,5,4,"M",0,0,4.08,1270,"Math & Science",3.26
4247,4,4,"F",1,0,4.14,1290,"Arts & Letters",3.763
4263,7,7,"F",1,0,3.95,1460,"Business & Economics",3.522
4286,4,4,"M",1,0,3.73,1380,"Math & Science",1.844
4341,6,5,"F",1,0,3.85,1260,"Arts & Letters",3.62
4360,4,5,"F",1,0,4.05,1270,"Math & Science",2.725
4362,6,5,"F",1,0,4.1,1290,"Arts & Letters",3.814
4373,7,7,"M",1,0,3.83,1200,"Business & Economics",3.649
4385,5,6,"F",1,0,4.15,1150,"Arts & Letters",2.71
4387,7,7,"F",1,0,4.18,1330,"Math & Science",3.198
4399,7,6,"F",1,0,4.36,1230,"Arts & Letters",3.584
4401,5,4,"F",0,0,3.71,1280,"Arts & Letters",2.711
4418,4,4,"F",1,0,3.86,1230,"Arts & Letters",3.669
4429,3,5,"F",0,1,3.79,1510,"Math & Science",3.025
4433,4,6,"F",1,0,4.05,1510,"Math & Science",3.818
4441,4,4,"F",1,0,3.73,1140,"Business & Economics",2.802
4444,1,3,"M",0,0,3.65,910,"Arts & Letters",2.643
4448,6,6,"M",1,0,3.55,1170,"Business & Economics",2.737
4450,4,4,"F",1,0,4.18,1140,"Business & Economics",2.875
4452,6,6,"F",1,0,4,1250,"Arts & Letters",3.587
4455,6,6,"M",1,0,4.18,1450,"Business & Economics",3.174
4464,6,6,"M",0,1,3.86,1320,"Business & Economics",2.843
4465,4,4,"M",1,0,2.89,1080,"Business & Economics",1.684
4468,5,6,"F",0,1,4.25,1310,"Math & Science",3.18
4474,7,7,"F",1,0,3.64,1490,"Business & Economics",2.725
4481,4,6,"F",1,0,3.48,1140,"Arts & Letters",2.716
4514,6,3,"F",1,0,4.18,1130,"Business & Economics",3.189
4517,7,6,"F",0,0,3.75,1210,"Business & Economics",3.512
4524,6,4,"M",1,0,3.75,1290,"Business & Economics",3.202
4549,6,6,"F",1,0,4.2,1350,"Arts & Letters",3.301
4559,5,5,"F",1,0,3.9,1400,"Business & Economics",3.487
4568,6,6,"F",0,0,3.81,1260,"Business & Economics",2.884
4579,6,6,"F",1,0,4.15,1270,"Arts & Letters",3.676
4580,6,6,"M",1,0,3.72,1460,"Math & Science",2.535
4586,7,7,"M",1,0,4.07,1300,"Math & Science",3.479
4587,4,6,"M",1,0,3.62,1160,"Math & Science",2.282
4599,6,6,"F",1,0,3.89,880,"Arts & Letters",3.349
4611,7,6,"F",1,0,3.82,1150,"Math & Science",2.58
4630,6,5,"F",1,0,4.29,1210,"Business & Economics",3.228
4640,7,7,"M",0,1,3.59,1240,"Arts & Letters",3.161
4658,7,7,"F",0,0,3.75,1120,"Arts & Letters",3.057
4664,7,7,"M",1,0,3.65,1400,"Business & Economics",3.074
4681,6,6,"M",1,0,3.5,1400,"Business & Economics",2.989
4685,6,6,"F",0,0,3.5,1190,"Math & Science",1.657
4711,6,6,"M",1,0,4.1,1230,"Business & Economics",2.287
4737,6,7,"M",1,0,3.45,1200,"Business & Economics",2.934
4760,6,7,"F",0,0,4.03,1490,"Arts & Letters",3.164
4765,2,2,"F",0,1,3.19,940,"Business & Economics",0.967
4788,3,3,"F",1,0,3.45,1170,"Arts & Letters",2.921
4796,6,6,"F",1,0,3.95,1130,"Arts & Letters",2.586
4813,7,6,"M",1,0,3.82,1240,"Math & Science",3.377
4828,6,3,"F",0,0,3.77,1120,"Math & Science",3.081
4832,6,6,"F",1,0,3.87,1310,"Arts & Letters",3.12
4844,6,6,"F",1,0,3.82,1340,"Business & Economics",3.583
4845,7,4,"M",1,0,3.86,1140,"Business & Economics",2.897
4856,6,6,"M",1,0,4,1210,"Arts & Letters",2.965
4876,6,6,"F",1,0,3.57,1160,"Business & Economics",3.013
4890,4,5,"M",0,0,3.95,1130,"Business & Economics",3.033
4894,7,2,"M",0,0,3.75,1190,"Math & Science",2.698
4912,4,6,"F",0,0,3.68,1130,"Arts & Letters",3.325
4913,7,4,"M",1,0,4.09,1410,"Arts & Letters",3.854
4941,7,7,"M",0,0,3.3,1220,"Arts & Letters",3.087
4949,3,3,"M",0,0,3.33,1050,"Business & Economics",2.773
4953,6,6,"F",0,0,3.85,1080,"Arts & Letters",3.068
4989,6,6,"F",1,0,3.9,1320,"Business & Economics",3.392
5036,7,7,"F",1,0,3.41,1260,"Arts & Letters",3.523
5046,4,5,"F",1,0,3.73,1340,"Math & Science",3.603
5047,7,6,"F",1,0,3.8,1270,"Business & Economics",3.532
5085,4,4,"M",1,0,3.55,1280,"Business & Economics",3.296
5105,7,7,"F",1,0,3.62,1420,"Business & Economics",3.122
5108,6,4,"F",1,0,4.32,1290,"Arts & Letters",3.28
5110,7,6,"M",1,0,3.64,1370,"Business & Economics",2.625
5123,4,7,"F",1,0,4.08,1270,"Arts & Letters",3.912
5126,5,4,"F",1,0,4,1320,"Business & Economics",3.513
5155,6,7,"F",1,0,3.29,1060,"Math & Science",2.453
5156,6,6,"M",0,1,3.68,1240,"Arts & Letters",3.248
5159,7,7,"F",1,0,4.17,1230,"Math & Science",3.993
5161,7,6,"F",0,1,3.68,1390,"Business & Economics",2.821
5173,7,7,"F",0,1,4,1400,"Business & Economics",3.097
5174,7,7,"M",1,0,3.5,1430,"Math & Science",3.309
5179,6,5,"F",1,0,3.68,1110,"Arts & Letters",3.204
5183,7,4,"F",1,0,4.05,1180,"Math & Science",3.53
5184,4,6,"M",0,0,3.45,1170,"Math & Science",2.466
5190,6,4,"F",1,0,3.96,1280,"Arts & Letters",3.674
5196,6,6,"F",0,1,3.79,1320,"Business & Economics",2.517
5210,3,7,"F",1,0,3.91,1230,"Math & Science",3.028
5217,6,7,"F",1,0,4.32,1570,"Math & Science",3.243
5220,7,4,"F",0,0,4.23,1420,"Arts & Letters",3.812
5222,6,6,"M",1,0,3.83,1490,"Business & Economics",2.91
5230,7,7,"F",1,0,3.68,1190,"Arts & Letters",3.764
5232,7,7,"M",1,0,3.48,1380,"Business & Economics",3.251
5240,6,6,"F",1,0,3.25,1190,"Arts & Letters",2.74
5246,6,6,"F",1,0,3.76,1270,"Business & Economics",3.11
5247,6,6,"F",0,0,3.58,1180,"Arts & Letters",3.466
5250,7,4,"F",1,0,3.57,1440,"Arts & Letters",2.43
5260,7,6,"F",1,0,4,1270,"Business & Economics",3.444
5264,6,4,"F",0,1,3.14,1250,"Arts & Letters",2.584
5274,6,6,"F",1,0,4.05,1010,"Math & Science",3.658
5275,6,6,"M",1,0,4,1240,"Arts & Letters",3.949
5277,7,6,"F",1,0,3.77,1310,"Business & Economics",3.305
5281,6,7,"F",1,0,3.95,1250,"Business & Economics",3.446
5282,6,6,"M",0,1,3.5,1360,"Business & Economics",3.229
5284,4,6,"F",1,0,4.08,1420,"Business & Economics",3.522
5287,6,6,"M",1,0,4.09,1490,"Business & Economics",3.943
5291,7,6,"M",0,0,4.32,1150,"Math & Science",3.075
5293,5,6,"F",0,1,4.04,1210,"Arts & Letters",3.52
5296,7,7,"M",1,0,4.18,1530,"Math & Science",2.731
5298,3,3,"M",0,0,4.27,1370,"Business & Economics",3.788
5315,4,6,"F",0,0,3.73,1290,"Business & Economics",2.395
5323,7,6,"F",1,0,4.05,1400,"Arts & Letters",3.777
5329,6,7,"M",1,0,3.17,1110,"Math & Science",2.618
5334,7,6,"M",1,0,3.92,1190,"Business & Economics",3.589
5335,7,7,"M",1,0,3.23,1080,"Business & Economics",2.641
5338,7,3,"M",0,1,4.18,1150,"Math & Science",3.056
5371,7,6,"F",1,0,3.36,1140,"Business & Economics",3.042
5393,3,3,"F",1,0,4.12,1250,"Arts & Letters",3.302
5412,2,2,"F",1,0,4.03,1260,"Business & Economics",3.713
5445,7,6,"M",0,1,3.29,1250,"Arts & Letters",2.465
5451,3,4,"F",0,0,4.23,1270,"Arts & Letters",3.605
5476,1,1,"F",0,1,3.68,970,"Business & Economics",3.212
5503,6,7,"M",1,0,3.4,1200,"Business & Economics",2.702
5517,2,4,"M",0,1,3.55,960,"Arts & Letters",1.122
5536,6,5,"F",1,0,4.18,1410,"Arts & Letters",3.786
5543,1,1,"F",0,0,3.73,980,"Arts & Letters",2.646
5545,7,6,"F",0,0,4.12,1380,"Math & Science",3.803
5565,2,3,"F",0,0,3.2,1250,"Arts & Letters",3.35
5567,6,6,"F",1,0,4.2,1280,"Math & Science",3.236
5577,3,3,"M",1,0,3.82,1250,"Business & Economics",2.86
5584,3,7,"F",1,0,3.57,1140,"Arts & Letters",3.482
5588,6,6,"F",0,0,4.22,1140,"Math & Science",2.839
5592,6,7,"M",0,0,3.64,1130,"Math & Science",3.176
5593,7,4,"F",1,0,3.59,1250,"Arts & Letters",2.649
5597,4,4,"F",1,0,3.78,1260,"Arts & Letters",2.495
5602,6,6,"F",0,1,3.54,1160,"Business & Economics",3.53
5613,1,1,"F",0,0,4.3,950,"Business & Economics",2.851
5623,6,6,"F",1,0,3.08,1290,"Arts & Letters",2.646
5637,7,6,"M",1,0,4.09,1440,"Math & Science",3.829
5640,7,5,"M",0,1,4.15,1340,"Math & Science",2.932
5642,6,4,"M",1,0,3.68,1210,"Business & Economics",3.443
5646,4,4,"M",0,1,3.32,1090,"Business & Economics",1.915
5705,6,6,"M",1,0,3.4,1210,"Business & Economics",2.972
5712,6,7,"M",1,0,3.45,1400,"Business & Economics",1.323
5713,7,4,"M",1,0,4.25,1160,"Math & Science",3.005
5733,5,4,"F",1,0,4.17,1160,"Math & Science",3.249
5742,6,3,"F",0,0,2.95,1020,"Business & Economics",2.608
5744,5,5,"F",1,0,4.04,1210,"Math & Science",3.723
5753,7,6,"F",1,0,3.82,1240,"Math & Science",3.437
5754,6,6,"F",1,0,3.38,1320,"Business & Economics",3.313
5760,1,1,"F",0,1,3.55,1130,"Math & Science",2.248
5763,5,6,"F",0,1,3.83,920,"Arts & Letters",2.443
5779,7,6,"F",1,0,3.95,1290,"Business & Economics",3.213
5782,7,2,"M",0,0,3.64,1090,"Math & Science",2.749
5784,7,7,"M",1,0,3.67,1240,"Arts & Letters",3.49
5787,6,6,"F",1,0,4.08,1450,"Arts & Letters",3.474
5797,7,7,"M",1,0,3.58,1540,"Math & Science",3.14
5828,6,6,"M",0,1,3.19,1220,"Arts & Letters",2.619
5844,6,6,"M",1,0,3.96,1240,"Arts & Letters",3.013
5851,4,4,"F",1,0,4.05,1240,"Math & Science",3.739
5857,7,6,"M",1,0,3.77,1120,"Arts & Letters",3.376
5865,6,6,"F",1,0,4,1320,"Arts & Letters",3.477
5872,6,6,"F",1,0,4.09,1270,"Math & Science",3.526
5880,7,6,"M",0,1,3.58,1210,"Arts & Letters",3.319
5884,4,7,"F",1,0,4.17,1290,"Math & Science",2.933
5917,6,6,"M",1,0,4.05,1220,"Business & Economics",2.998
5920,3,6,"M",1,0,3.68,1230,"Business & Economics",2.813
5926,3,6,"F",1,0,3.62,1420,"Math & Science",3.154
5937,4,7,"F",1,0,4.3,1400,"Math & Science",4
5941,4,5,"F",0,0,3.87,1290,"Business & Economics",2.962
5942,6,6,"F",1,0,3.59,1300,"Business & Economics",3.111
5943,5,7,"F",0,0,4.09,1190,"Arts & Letters",3.281
5952,6,6,"M",1,0,3.6,1320,"Business & Economics",3.041
5965,7,7,"F",1,0,4.27,1230,"Arts & Letters",3.923
5969,6,5,"F",1,0,4.14,1130,"Arts & Letters",3.369
5973,7,6,"F",1,0,4,1170,"Arts & Letters",3.217
5974,6,7,"M",1,0,4.3,1300,"Math & Science",2.577
5981,6,3,"M",1,0,3.95,1250,"Business & Economics",3.446
5986,4,4,"F",1,0,4.09,1230,"Math & Science",3.18
5998,7,7,"F",1,0,3.5,1250,"Arts & Letters",2.935
6000,7,6,"F",1,0,4.1,1400,"Arts & Letters",3.841
6017,6,6,"F",1,0,3.83,1340,"Arts & Letters",3.346
6036,5,7,"M",0,1,3.75,1090,"Math & Science",3.043
6037,7,7,"M",0,0,3.48,1550,"Math & Science",3.092
6046,7,6,"F",0,1,4.08,1410,"Business & Economics",3.659
6062,6,6,"M",1,0,3.05,1290,"Business & Economics",2.074
6070,6,6,"F",1,0,4.36,1190,"Math & Science",3.666
6071,5,7,"F",1,0,4.17,1330,"Arts & Letters",3.122
6074,7,4,"F",1,0,3.52,1390,"Math & Science",3.39
6094,7,6,"F",1,0,3.62,1130,"Math & Science",2.605
6105,4,4,"F",1,0,3.96,1410,"Arts & Letters",2.823
6108,6,7,"M",0,0,3.9,1250,"Math & Science",2.849
6119,7,7,"F",1,0,3.91,1290,"Arts & Letters",3.343
6142,6,6,"M",0,0,3.57,1000,"Arts & Letters",2.9
6143,6,3,"F",1,0,3.9,1220,"Arts & Letters",3.618
6198,6,7,"M",1,0,3.31,1210,"Arts & Letters",3.028
6208,6,6,"F",0,0,3.5,1100,"Math & Science",3.012
6212,6,2,"M",0,0,3.55,1010,"Math & Science",2.206
6214,4,6,"F",1,0,3.75,1070,"Arts & Letters",3.018
6227,6,6,"F",1,0,3.71,1260,"Arts & Letters",2.998
6231,6,6,"F",1,0,4.06,1250,"Business & Economics",3.215
6234,6,6,"M",0,0,3.75,1290,"Arts & Letters",2.743
6238,6,5,"F",1,0,3.5,1250,"Math & Science",3.534
6244,6,6,"M",1,0,3.68,1270,"Arts & Letters",3.502
6254,6,4,"F",0,0,3.86,1330,"Math & Science",2.811
6262,2,2,"F",0,1,3.46,1110,"Business & Economics",3.055
6277,4,6,"M",1,0,3.29,1200,"Arts & Letters",2.755
6293,5,6,"F",0,0,4.1,1190,"Business & Economics",3.144
6317,7,7,"F",1,0,3.96,1100,"Arts & Letters",3.548
6318,7,7,"F",1,0,3.82,1260,"Business & Economics",2.524
6328,4,3,"M",0,0,4,1150,"Business & Economics",3.698
6336,4,5,"F",0,1,4.18,1270,"Math & Science",3.236
6358,6,7,"M",1,0,3.59,1290,"Math & Science",2.373
6369,6,5,"M",1,0,3.5,1330,"Arts & Letters",3.421
6396,7,6,"F",1,0,3.65,1290,"Arts & Letters",3.107
6399,7,6,"F",1,0,4,1240,"Math & Science",3.917
6400,6,6,"F",1,0,3.9,1050,"Math & Science",2.95
6430,6,6,"F",1,0,4.22,1320,"Arts & Letters",3.788
6431,6,6,"F",0,1,3.43,1450,"Business & Economics",3.64
6433,3,4,"F",0,0,3.58,1240,"Arts & Letters",3.181
6436,6,7,"M",1,0,4.04,1330,"Arts & Letters",3.501
6458,6,4,"F",1,0,4.17,1250,"Math & Science",2.765
6487,7,5,"M",1,0,3.54,1420,"Business & Economics",2.778
6488,6,7,"F",1,0,3.77,1220,"Arts & Letters",3.246
6493,7,7,"F",1,0,3.49,1390,"Math & Science",2.871
6503,7,7,"F",0,1,3.86,1330,"Math & Science",3.107
6526,3,5,"M",1,0,3.74,1040,"Business & Economics",2.739
6529,7,6,"M",0,1,3.82,1230,"Math & Science",2.64
6533,7,7,"F",1,0,4.2,1330,"Math & Science",3.434
6550,6,6,"M",1,0,3.86,1210,"Business & Economics",2.575
6558,6,6,"M",1,0,3.41,990,"Business & Economics",2.851
6565,6,4,"F",0,1,3.05,1090,"Arts & Letters",2.575
6567,1,3,"F",0,1,4.09,1040,"Math & Science",2.36
6570,6,6,"F",1,0,4.17,1210,"Arts & Letters",3.238
6573,6,6,"M",0,0,3.75,1100,"Arts & Letters",3.423
6578,7,7,"M",1,0,3.69,1310,"Math & Science",2.993
6583,7,6,"F",1,0,3.88,1280,"Business & Economics",3.457
6589,7,6,"F",1,0,3.91,1190,"Arts & Letters",3.353
6593,6,6,"F",1,0,3.46,1140,"Arts & Letters",2.975
6605,2,2,"F",0,1,3.27,1190,"Math & Science",2.125
6615,7,7,"F",1,0,3.41,1250,"Arts & Letters",3.411
6616,3,6,"F",0,0,4.05,1200,"Math & Science",3.116
6625,6,5,"F",1,0,4.23,1240,"Arts & Letters",3.266
6634,4,3,"M",1,0,4.12,1240,"Business & Economics",3.422
6643,7,6,"M",1,0,3.83,1200,"Math & Science",1.788
6644,7,7,"M",1,0,3.85,1270,"Business & Economics",3.176
6646,6,6,"F",1,0,4.36,1210,"Math & Science",3.684
6648,3,3,"M",0,1,3.75,1240,"Math & Science",2.821
6651,7,6,"F",1,0,3.65,1350,"Arts & Letters",2.193
6662,4,6,"F",0,0,4,1190,"Arts & Letters",3.099
6665,2,7,"M",0,1,3.04,1230,"Math & Science",3.133
6672,6,6,"M",1,0,3.86,1340,"Math & Science",3.29
6678,6,6,"F",1,0,3.91,1200,"Math & Science",3.537
6687,6,3,"M",1,0,4.25,1260,"Business & Economics",3.487
6688,6,5,"F",0,0,4,1350,"Arts & Letters",3.434
6689,7,7,"M",1,0,4.05,1340,"Math & Science",2.732
6691,6,6,"F",1,0,3.73,1220,"Math & Science",3.359
6696,6,6,"F",1,0,4,1150,"Business & Economics",3.186
6697,6,6,"M",1,0,3.59,1310,"Business & Economics",3.661
6709,5,7,"M",1,0,3.86,1440,"Math & Science",3.34
6716,6,6,"M",1,0,4.18,1180,"Math & Science",2.364
6730,5,3,"F",1,0,3.65,1230,"Arts & Letters",3.203
6740,5,4,"F",0,0,3.5,1240,"Business & Economics",3.034
6742,6,6,"F",0,0,3.45,1040,"Arts & Letters",1.744
6746,6,4,"F",1,0,3.89,1320,"Business & Economics",3.232
6749,6,6,"M",1,0,3.8,1180,"Business & Economics",3.22
6767,4,6,"F",0,0,3.73,1360,"Arts & Letters",3.45
6769,7,6,"M",1,0,3.25,1210,"Math & Science",2.599
6772,7,7,"M",1,0,3.37,1360,"Arts & Letters",2.166
6784,6,7,"F",1,0,3.95,1170,"Arts & Letters",3.523
6798,4,4,"F",0,1,3.24,1340,"Arts & Letters",2.499
6799,5,6,"M",0,1,3.46,1080,"Arts & Letters",1.856
6803,7,7,"F",1,0,4.22,1140,"Math & Science",3.738
6808,5,5,"F",1,0,3.85,1390,"Business & Economics",3.191
6813,7,6,"F",1,0,4.09,1290,"Math & Science",3.93
6824,6,7,"F",0,0,3.14,920,"Math & Science",2.652
6825,7,6,"F",1,0,3.77,1110,"Arts & Letters",3.217
6830,7,4,"F",0,0,3.79,1140,"Arts & Letters",3.195
6842,4,4,"M",1,0,3.68,1360,"Business & Economics",3.079
6861,6,6,"F",0,1,4.27,1460,"Math & Science",3.904
6882,7,7,"M",1,0,3.63,1290,"Math & Science",3.433
6886,6,6,"M",1,0,3.79,1240,"Arts & Letters",3.441
6889,6,4,"F",0,1,3.32,1180,"Arts & Letters",2.992
6892,2,7,"F",1,0,4.17,1320,"Math & Science",3.397
6942,6,6,"F",1,0,3.68,1150,"Arts & Letters",3.233
6943,6,4,"F",1,0,3.84,1180,"Arts & Letters",3.604
6947,2,6,"F",1,0,4.27,1280,"Math & Science",3.355
6958,6,6,"F",1,0,4.17,1220,"Arts & Letters",3.242
6970,5,6,"M",1,0,3.44,950,"Business & Economics",2.05
6972,7,7,"M",1,0,3.65,1310,"Business & Economics",3.17
6996,3,6,"F",1,0,4.36,1360,"Math & Science",3.292
6998,5,7,"M",1,0,3.83,1430,"Math & Science",2.717
7007,7,6,"M",1,0,3.37,1370,"Business & Economics",3.065
7019,4,4,"F",0,1,3.5,1210,"Math & Science",2.838
7033,7,7,"F",1,0,3.88,1280,"Math & Science",3.372
7040,7,7,"M",0,1,3.53,1180,"Business & Economics",2.355
7057,7,6,"M",0,0,3.39,1360,"Arts & Letters",3.434
7061,6,6,"F",1,0,4.05,1220,"Arts & Letters",3.554
7065,4,6,"F",1,0,4.26,1210,"Math & Science",3.464
7067,6,6,"F",1,0,4.05,1280,"Arts & Letters",3.338
7084,7,6,"F",1,0,4.05,1190,"Math & Science",2.013
7099,6,7,"M",1,0,3.5,1310,"Arts & Letters",3.065
7106,6,6,"F",1,0,4.08,1300,"Business & Economics",3.564
7113,3,3,"F",0,0,4.08,1140,"Math & Science",2.966
7116,6,6,"M",1,0,4.27,1380,"Math & Science",3.084
7122,6,6,"F",1,0,3.94,1090,"Math & Science",1.564
7123,4,7,"M",1,0,3.75,1180,"Business & Economics",3.252
7138,7,7,"M",1,0,3.67,1140,"Arts & Letters",2.209
7140,6,4,"F",1,0,3.68,1100,"Math & Science",2.318
7145,7,4,"M",1,0,3.93,1250,"Business & Economics",2.884
7154,6,6,"M",1,0,4.21,1170,"Business & Economics",3.281
7169,7,7,"F",0,0,4.21,1430,"Business & Economics",3.566
7177,3,3,"M",0,1,3.3,1150,"Business & Economics",2.437
7182,5,5,"M",0,0,3.75,1150,"Arts & Letters",3.457
7183,5,5,"F",0,0,4.18,1190,"Math & Science",3.087
7197,6,6,"F",1,0,4.1,1360,"Business & Economics",2.845
7204,6,6,"F",1,0,3.16,1070,"Math & Science",3.164
7206,5,6,"F",0,0,3.73,1300,"Business & Economics",2.919
7239,6,6,"M",0,1,3.95,1160,"Math & Science",3.028
7261,7,6,"M",1,0,3.67,1210,"Arts & Letters",3.805
7270,7,6,"M",0,0,4,1200,"Arts & Letters",2.982
7301,5,7,"F",1,0,4.05,1220,"Business & Economics",3.6
7305,7,7,"F",1,0,3.77,1310,"Business & Economics",2.854
7311,7,7,"M",1,0,3.12,1360,"Arts & Letters",3.011
7351,7,6,"F",1,0,3.5,1170,"Business & Economics",2.082
7361,6,6,"M",1,0,3.35,1310,"Business & Economics",2.065
7373,6,6,"M",1,0,3.48,1430,"Business & Economics",2.747
7376,7,7,"F",1,0,3.78,1100,"Arts & Letters",3.058
7385,7,6,"F",1,0,3.95,1150,"Arts & Letters",3.504
7391,4,6,"M",1,0,3.7,1190,"Arts & Letters",3.065
7398,6,6,"M",0,1,3.17,1060,"Math & Science",2.594
7403,7,4,"F",1,0,4.27,1300,"Math & Science",3.568
7449,3,3,"F",0,0,2.83,1080,"Arts & Letters",2.64
7451,6,6,"F",1,0,3.36,1120,"Arts & Letters",3.524
7459,7,6,"M",0,1,3.78,1240,"Business & Economics",2.877
7497,6,6,"F",1,0,3.88,1220,"Arts & Letters",3.145
7500,7,6,"F",0,1,3.32,1310,"Arts & Letters",3.109
7508,7,6,"F",0,0,3.3,1210,"Arts & Letters",2.876
7514,7,7,"F",0,1,3.46,1450,"Business & Economics",3.346
7516,5,5,"F",1,0,4.05,1330,"Math & Science",3.613
7537,6,5,"M",1,0,3.4,1230,"Business & Economics",2.698
7551,4,5,"M",1,0,3.75,1240,"Math & Science",2.98
7567,6,4,"F",0,1,3.91,1150,"Arts & Letters",2.924
7570,1,4,"F",1,0,4.13,1190,"Math & Science",3.384
7575,7,6,"F",1,0,4,1270,"Arts & Letters",2.971
7578,7,6,"M",1,0,3.9,1340,"Business & Economics",3.534
7579,4,7,"M",1,0,3.59,1300,"Business & Economics",2.433
7590,6,4,"M",0,0,3.54,1300,"Math & Science",1.64
7613,6,6,"M",0,1,3.72,1320,"Business & Economics",3.49
7614,2,3,"M",0,1,3.67,1170,"Math & Science",2.205
7635,7,7,"F",1,0,3.88,1230,"Arts & Letters",2.938
7670,2,2,"F",0,0,3.68,1190,"Arts & Letters",3.101
7671,6,6,"F",1,0,4.09,1220,"Arts & Letters",3.275
7674,6,6,"M",1,0,3.91,1490,"Math & Science",3.26
7709,7,2,"F",0,0,3.75,1150,"Arts & Letters",2.971
7711,1,1,"F",0,0,4.09,1010,"Business & Economics",3.367
7712,7,6,"F",1,0,4.12,1210,"Math & Science",3.786
7740,6,6,"F",1,0,3.65,1440,"Arts & Letters",3.612
7760,6,6,"F",0,0,2.75,1100,"Math & Science",0.916
7794,7,6,"F",0,1,4.12,1320,"Math & Science",3.329
7800,3,3,"M",1,0,3.36,1250,"Arts & Letters",2.692
7822,6,5,"F",1,0,4.2,1280,"Arts & Letters",3.65
7873,5,3,"M",1,0,3.75,1300,"Business & Economics",3.108
7889,6,6,"M",1,0,4,1250,"Business & Economics",3.126
7893,6,6,"M",1,0,3.68,1160,"Business & Economics",3.052
7904,1,1,"F",0,0,3.44,930,"Math & Science",1.129
7914,6,6,"F",1,0,3.56,1220,"Arts & Letters",2.506
7915,7,6,"F",1,0,3.5,1260,"Math & Science",3.138
7921,7,5,"M",1,0,3.72,1310,"Math & Science",3.022
7927,4,6,"F",1,0,4.27,1210,"Math & Science",3.53
7955,6,6,"M",1,0,2.86,1420,"Arts & Letters",2.944
7962,6,4,"F",1,0,4.15,1390,"Math & Science",3.58
7965,7,7,"F",1,0,3.13,1350,"Arts & Letters",2.702
7971,3,4,"M",1,0,3.46,1040,"Business & Economics",2.85
7987,3,6,"F",1,0,3.73,1190,"Business & Economics",3.3
8014,7,4,"F",1,0,3.91,1530,"Business & Economics",3.959
8030,7,7,"F",1,0,3.32,1210,"Arts & Letters",3.116
8047,6,7,"M",0,0,3.86,1410,"Business & Economics",3.317
8075,7,6,"F",1,0,4.27,1450,"Business & Economics",3.635
8079,3,6,"F",0,1,3.75,1170,"Arts & Letters",3.23
8091,4,6,"M",1,0,3.6,1230,"Business & Economics",2.612
8103,4,6,"F",1,0,3.77,1260,"Math & Science",3.211
8107,7,7,"F",0,0,3.4,1260,"Math & Science",2.744
8109,7,7,"M",0,0,3.67,1070,"Arts & Letters",2.79
8118,3,6,"F",0,0,3.55,1090,"Business & Economics",3.026
8126,7,7,"F",1,0,4.08,1170,"Business & Economics",3.209
8131,5,7,"F",1,0,3.96,1270,"Math & Science",3.682
8133,7,7,"F",1,0,4.18,1260,"Business & Economics",3.532
8134,4,4,"F",0,0,3.73,1230,"Business & Economics",3.314
8148,7,6,"F",1,0,3.65,1270,"Business & Economics",3.45
8152,6,7,"F",0,0,3.72,1240,"Arts & Letters",3.026
8154,6,6,"M",1,0,3.59,1470,"Math & Science",3.678
8174,4,3,"F",0,0,4.14,1180,"Arts & Letters",3.397
8194,4,7,"F",1,0,3.79,1200,"Arts & Letters",3.166
8207,4,4,"F",0,0,3.55,1180,"Arts & Letters",3.35
8218,6,6,"M",1,0,3.33,1210,"Arts & Letters",2.522
8219,1,4,"F",0,0,3.88,1230,"Arts & Letters",2.757
8229,7,6,"M",1,0,3.73,1530,"Math & Science",3.295
8239,4,6,"M",1,0,3.32,1140,"Arts & Letters",3.005
8254,6,7,"F",0,0,4.14,1430,"Arts & Letters",3.597
8264,7,6,"M",1,0,3.44,1110,"Arts & Letters",3.179
8265,3,3,"F",0,1,3.95,1100,"Math & Science",2.572
8291,2,6,"M",0,1,3.2,1140,"Business & Economics",3.057
8294,4,6,"F",1,0,3.85,1250,"Arts & Letters",3.463
8297,3,6,"F",1,0,4.14,1360,"Business & Economics",3.057
8309,7,7,"M",1,0,4.37,1480,"Business & Economics",3
8310,7,7,"M",1,0,2.94,1180,"Arts & Letters",3.083
8323,5,6,"F",1,0,3.36,1080,"Arts & Letters",3.279
8340,6,6,"M",0,0,3.58,1330,"Business & Economics",3.583
8362,7,6,"M",1,0,3.95,1330,"Arts & Letters",3.303
8365,4,6,"F",1,0,3.85,1480,"Math & Science",3.277
8374,6,5,"M",1,0,3.67,1220,"Math & Science",2.542
8378,6,6,"F",0,0,3.38,1080,"Arts & Letters",3.366
8402,5,5,"M",1,0,3.88,1170,"Arts & Letters",3.079
8430,6,3,"F",1,0,4,1040,"Math & Science",3.416
8435,3,3,"F",1,0,4.27,1360,"Arts & Letters",3.823
8439,6,4,"F",0,1,3.87,1170,"Arts & Letters",3.435
8459,6,6,"F",1,0,3.75,1280,"Business & Economics",3.299
8470,6,6,"F",0,0,3.62,1110,"Arts & Letters",2.957
8490,7,7,"F",1,0,4.05,1550,"Arts & Letters",3.301
8513,4,6,"F",1,0,3.29,1380,"Business & Economics",3.409
8514,6,6,"M",1,0,3.85,1240,"Math & Science",2.881
8521,7,6,"M",1,0,4.21,1460,"Math & Science",3.498
8523,4,5,"M",1,0,3.91,940,"Business & Economics",2.999
8524,3,4,"M",0,0,2.5,900,"Arts & Letters",2.425
8549,7,4,"M",1,0,3.83,1310,"Business & Economics",2.864
8576,4,4,"M",1,0,3.41,1440,"Arts & Letters",2.349
8626,6,5,"F",1,0,4,1350,"Math & Science",3.123
8645,5,6,"F",1,0,3.92,1320,"Arts & Letters",3.719
8654,6,6,"M",1,0,4.27,1290,"Business & Economics",3.878
8680,7,5,"F",1,0,4.29,1400,"Math & Science",3.621
8688,6,6,"M",0,0,3.25,1200,"Arts & Letters",3.068
8697,6,6,"F",0,1,4.08,1280,"Arts & Letters",3.828
8712,5,7,"F",1,0,4.21,1080,"Business & Economics",3.534
8730,6,6,"F",0,0,3.95,1450,"Arts & Letters",3.623
8759,7,7,"F",1,0,3,1060,"Business & Economics",3.268
8765,6,7,"F",0,0,3.71,1210,"Arts & Letters",3.113
8767,7,7,"F",1,0,3.86,1310,"Business & Economics",3.291
8786,7,6,"M",0,1,3.76,1100,"Business & Economics",3.13
8806,7,6,"M",1,0,4.23,1270,"Math & Science",3.409
8820,7,6,"F",1,0,3.8,1280,"Business & Economics",3.384
8845,6,6,"F",1,0,3.5,1200,"Arts & Letters",3.461
8849,7,7,"F",1,0,4.21,1430,"Math & Science",3.675
8877,6,6,"M",0,0,4.27,1340,"Business & Economics",3.502
8883,3,3,"F",0,1,3.86,1250,"Arts & Letters",3.652
8890,7,5,"M",0,0,3.27,1140,"Math & Science",2.853
8892,4,4,"M",1,0,3.64,1220,"Math & Science",2.629
8922,7,6,"M",1,0,3.62,1320,"Arts & Letters",3.104
8925,6,6,"F",1,0,4.3,1330,"Math & Science",3.848
8935,6,6,"F",1,0,4.14,1170,"Business & Economics",2.537
8944,6,3,"F",1,0,3.6,1380,"Math & Science",2.899
8957,6,3,"F",1,0,4.05,1280,"Business & Economics",3.114
8963,6,7,"M",0,0,3.32,1180,"Arts & Letters",3.113
8968,6,7,"M",1,0,3.79,1460,"Business & Economics",3.719
9005,3,4,"F",1,0,3.86,1070,"Business & Economics",3.162
9031,6,6,"F",1,0,3.9,1020,"Arts & Letters",3.337
9070,5,4,"M",1,0,3.29,1250,"Arts & Letters",3.343
9071,6,7,"F",1,0,3.65,1150,"Arts & Letters",3.177
9081,6,6,"M",1,0,3.25,1360,"Arts & Letters",3.519
9115,6,6,"F",1,0,3.7,1210,"Arts & Letters",3.234
9140,7,7,"F",1,0,3.7,1130,"Arts & Letters",3.208
9152,1,1,"M",0,1,3.38,1030,"Business & Economics",2.338
9164,4,4,"M",1,0,3.7,1330,"Business & Economics",2.51
9165,6,4,"F",1,0,3.87,1360,"Arts & Letters",3.223
9186,7,7,"F",1,0,3.88,1190,"Arts & Letters",3.228
9234,6,6,"F",1,0,4.05,1290,"Business & Economics",3.128
9252,3,3,"F",1,0,3.95,1320,"Business & Economics",3.515
9266,4,4,"F",1,0,4.06,1130,"Arts & Letters",3.275
9268,7,7,"F",1,0,3.83,1170,"Math & Science",2.908
9280,7,6,"F",1,0,4.21,1190,"Business & Economics",3.521
9283,6,7,"F",1,0,3.2,1140,"Arts & Letters",2.694
9287,4,4,"F",1,0,4,1290,"Arts & Letters",3.457
9291,6,7,"F",1,0,4.21,1500,"Math & Science",3.729
9306,5,3,"F",0,0,3.65,1080,"Math & Science",2.63
9324,7,6,"F",1,0,3.96,1320,"Business & Economics",3.313
9333,6,6,"M",1,0,3.52,1270,"Arts & Letters",3.1
9336,3,5,"M",1,0,3.4,1420,"Arts & Letters",3.963
9343,6,7,"F",0,0,3.71,1210,"Arts & Letters",3.241
9356,2,4,"M",0,0,3.91,1020,"Arts & Letters",2.016
9359,4,5,"F",1,0,3.94,1190,"Business & Economics",3.05
9365,7,6,"F",1,0,3.82,1230,"Arts & Letters",3.379
9372,4,4,"M",1,0,3.77,1150,"Business & Economics",2.908
9395,6,7,"F",1,0,4.21,1340,"Arts & Letters",3.705
9402,7,6,"F",0,1,3.58,1190,"Business & Economics",2.955
9415,6,7,"F",1,0,3.77,1120,"Business & Economics",2.735
9436,6,5,"F",1,0,4.09,1190,"Arts & Letters",3.521
9437,1,1,"F",0,0,4.15,1250,"Math & Science",3.489
9464,6,6,"F",1,0,3.95,1340,"Arts & Letters",3.407
9465,7,3,"M",1,0,3.75,1160,"Arts & Letters",2.653
9473,7,5,"M",1,0,4.19,1330,"Business & Economics",3.738
9493,4,6,"F",1,0,3.35,1310,"Arts & Letters",2.447
9549,4,4,"M",1,0,4.08,1380,"Arts & Letters",4
9566,3,4,"F",1,0,2.91,1090,"Math & Science",2.719
9575,3,3,"F",0,1,3.25,1160,"Math & Science",1.372
9578,3,6,"M",0,0,3.25,1120,"Math & Science",1.855
9589,6,7,"F",1,0,3.9,1160,"Math & Science",2.799
9601,7,6,"F",1,0,3.8,1220,"Math & Science",2.925
9603,6,5,"M",1,0,3.67,1210,"Business & Economics",2.878
9608,3,2,"F",0,0,3.91,1260,"Math & Science",2.58
9616,7,3,"M",1,0,3.76,1390,"Math & Science",2.845
9620,5,3,"F",0,0,3.64,1240,"Arts & Letters",2.93
9627,7,6,"M",1,0,4.24,1220,"Business & Economics",3.403
9678,2,2,"M",0,0,3.25,1200,"Math & Science",2.522
9701,7,6,"M",1,0,3.5,1390,"Arts & Letters",3.759
9704,7,5,"M",0,0,3.73,1320,"Arts & Letters",2.968
9717,6,5,"F",1,0,3.1,1270,"Math & Science",2.796
9720,3,3,"F",1,0,3.73,1090,"Arts & Letters",3.036
9726,1,1,"F",0,1,3.85,1150,"Math & Science",2.84
9735,6,5,"M",1,0,4,1100,"Business & Economics",3.02
9744,6,3,"F",1,0,3.88,1290,"Arts & Letters",3.268
9748,6,6,"F",1,0,3.85,1110,"Arts & Letters",3.597
9750,5,7,"F",0,0,3.64,1190,"Business & Economics",3.232
9774,6,6,"M",1,0,3.38,1060,"Business & Economics",2.675
9785,4,6,"F",1,0,3.64,1320,"Math & Science",3.246
9797,6,6,"F",1,0,4.06,1420,"Arts & Letters",3.376
9816,7,7,"F",1,0,3.74,1290,"Arts & Letters",3.638
9820,4,4,"F",0,0,4.21,1320,"Math & Science",3.453
9825,7,7,"F",1,0,3.57,1350,"Arts & Letters",3.4
9842,6,4,"M",1,0,3.69,1260,"Math & Science",3.247
9849,6,6,"M",1,0,3.2,1270,"Arts & Letters",2.545
9852,6,7,"F",0,0,3.67,1100,"Arts & Letters",2.623
9862,1,1,"M",0,0,3.42,1160,"Arts & Letters",2.502
9874,7,6,"F",1,0,4.12,1380,"Math & Science",3.803
9879,1,1,"M",0,0,3.73,1110,"Business & Economics",3.169
9898,6,6,"F",1,0,3.87,1240,"Business & Economics",3.239
9906,3,3,"F",1,0,3.88,1290,"Arts & Letters",3.416
9909,7,7,"M",1,0,3.68,1240,"Business & Economics",3.35
9926,3,4,"M",1,0,4.1,1270,"Math & Science",3.034
9936,5,6,"M",1,0,3.36,1310,"Business & Economics",3.08
9969,6,6,"F",1,0,3.91,1170,"Math & Science",2.816
9971,3,3,"F",0,1,3.73,1320,"Business & Economics",2.871
9989,6,4,"F",1,0,4.18,1200,"Arts & Letters",3.572
10032,6,3,"F",0,1,3.65,990,"Math & Science",2.579
10055,5,6,"M",1,0,4,1240,"Math & Science",3.713
10086,6,6,"M",1,0,4.09,1280,"Business & Economics",3.808
10105,4,4,"F",0,0,3.88,1380,"Business & Economics",2.863
10165,6,4,"F",1,0,3.65,1280,"Math & Science",2.77
10227,1,4,"F",1,0,4.13,1280,"Business & Economics",3.612
10236,6,6,"F",1,0,4,1000,"Arts & Letters",3.196
10241,7,7,"M",1,0,3.5,1200,"Business & Economics",2.805
10242,7,7,"M",1,0,3.96,1270,"Arts & Letters",3.13
10251,6,7,"M",1,0,3.95,1240,"Arts & Letters",1.409
10263,6,7,"F",1,0,3.95,1460,"Math & Science",3.173
10265,6,7,"M",1,0,3.45,1180,"Arts & Letters",2.904
10291,6,6,"F",1,0,3.94,1160,"Arts & Letters",3.601
10296,3,4,"M",0,0,3.78,1070,"Arts & Letters",2.765
10298,6,5,"M",0,1,3.45,1340,"Business & Economics",2.351
10299,7,6,"M",1,0,3.8,1150,"Business & Economics",2.89
10300,7,6,"F",0,1,3.59,1170,"Math & Science",3.362
10311,3,7,"M",1,0,3.4,1400,"Math & Science",2.02
10327,6,3,"F",0,1,3.55,1180,"Business & Economics",2.873
10337,3,3,"F",0,0,3.92,1230,"Business & Economics",3.2
10360,4,4,"M",0,0,3.06,880,"Business & Economics",2.522
10377,4,3,"M",0,0,3.55,1310,"Business & Economics",2.925
10379,6,6,"F",1,0,4.3,1460,"Math & Science",3.562
10401,6,5,"M",0,1,3.65,1120,"Math & Science",1.967
10403,4,6,"F",1,0,4.2,1290,"Math & Science",3.314
10404,2,2,"M",1,0,3.08,1070,"Arts & Letters",2.893
10414,6,6,"F",1,0,4,1420,"Arts & Letters",3.729
10423,6,6,"F",1,0,3.29,1130,"Business & Economics",3.22
10483,7,6,"M",0,1,4.04,1380,"Business & Economics",3.328
10513,4,4,"F",1,0,3.33,1150,"Business & Economics",2.673
10518,7,6,"F",0,0,4.29,1430,"Math & Science",3.629
10534,6,7,"M",1,0,2.75,940,"Math & Science",2.493
10574,1,1,"M",0,0,3.59,1150,"Math & Science",2.839
10578,6,7,"F",1,0,4.04,1290,"Arts & Letters",3.804
10623,6,6,"F",1,0,3.68,1270,"Arts & Letters",3.137
10647,7,7,"F",1,0,3.96,1290,"Arts & Letters",3.796
10654,5,2,"F",0,0,3.86,1070,"Business & Economics",2.794
10678,7,6,"F",1,0,3.75,1410,"Math & Science",3.369
10688,3,3,"F",1,0,3.38,1260,"Arts & Letters",3.416
10719,6,7,"M",1,0,3.31,1180,"Business & Economics",2.935
10732,6,6,"F",1,0,4.18,1250,"Business & Economics",3.551
10736,6,7,"M",1,0,3.45,1490,"Business & Economics",2.316
10739,2,2,"F",0,1,3.38,1160,"Math & Science",2.77
10744,5,6,"F",1,0,3.7,1230,"Arts & Letters",3.043
10756,6,6,"F",0,0,3.52,1410,"Arts & Letters",2.828
10764,4,4,"F",0,0,3.91,940,"Business & Economics",1.833
10767,6,6,"M",1,0,4,1170,"Math & Science",3.262
10786,6,6,"F",1,0,4.31,1260,"Arts & Letters",3.634
10790,7,4,"M",0,0,3.45,1300,"Math & Science",1.934
10801,7,7,"M",1,0,4,1360,"Business & Economics",3.607
10804,6,6,"F",1,0,4.38,1200,"Arts & Letters",3.784
10815,4,6,"F",1,0,3.8,1240,"Business & Economics",3.342
10843,6,7,"F",0,1,4,1270,"Arts & Letters",2.883
10860,2,1,"M",0,0,3.55,1130,"Math & Science",1.375
10866,3,3,"M",0,0,3.7,1250,"Business & Economics",3.167
10890,7,7,"F",0,0,3.6,1430,"Business & Economics",3.167
10892,4,3,"M",0,0,2.43,840,"Business & Economics",2.373
10896,7,6,"F",1,0,3.71,1050,"Business & Economics",2.723
10900,2,2,"F",0,1,3.62,1070,"Business & Economics",2.85
10926,7,6,"M",1,0,3.83,1410,"Business & Economics",2.751
10929,7,7,"M",1,0,4.25,1430,"Math & Science",3.618
10951,6,4,"F",1,0,4.27,1200,"Math & Science",3.358
10953,1,1,"M",0,0,3.65,1110,"Business & Economics",3.569
10967,7,7,"F",0,1,3.86,1250,"Arts & Letters",3.707
10978,7,6,"M",1,0,4,1250,"Arts & Letters",3.137
10980,5,6,"F",0,0,4.27,1460,"Math & Science",3.348
10987,6,6,"M",0,1,4.32,1340,"Math & Science",3.17
10989,6,3,"F",1,0,3.93,1150,"Arts & Letters",3.501
11000,7,7,"F",1,0,4,1270,"Math & Science",2.531
11002,4,7,"F",1,0,3.82,1170,"Arts & Letters",3.689
11009,6,6,"F",1,0,2.88,1190,"Arts & Letters",3.484
11011,4,6,"M",1,0,3.43,1380,"Business & Economics",2.775
11021,7,6,"F",1,0,3.68,1150,"Math & Science",2.19
11025,5,5,"M",1,0,4.28,1170,"Business & Economics",2.533
11044,7,7,"M",0,0,4.15,1320,"Business & Economics",3.293
11056,7,7,"M",0,1,3.78,1270,"Math & Science",2.829
11060,7,7,"F",1,0,4.25,1270,"Business & Economics",3.864
11061,6,6,"F",1,0,3.41,1360,"Arts & Letters",3
11086,6,7,"M",0,0,3.62,1320,"Business & Economics",2.859
11097,7,6,"F",1,0,3.65,1100,"Arts & Letters",3.33
11099,2,2,"F",0,0,3.5,1060,"Business & Economics",2.56
11102,3,6,"M",1,0,4.32,1170,"Business & Economics",3.007
11118,6,7,"M",1,0,3.64,1240,"Math & Science",2.61
11120,4,4,"F",0,0,4,1310,"Arts & Letters",3.614
11138,6,6,"M",0,0,4.05,1280,"Arts & Letters",3.279
11147,6,6,"M",1,0,4,1250,"Math & Science",3.468
11153,6,6,"M",1,0,3.35,1260,"Arts & Letters",2.822
11189,7,6,"M",1,0,3.68,1260,"Business & Economics",3.175
11211,4,6,"M",1,0,3.15,1200,"Business & Economics",2.772
11238,2,2,"F",0,0,3.2,1100,"Arts & Letters",3.27
11251,4,6,"F",0,1,3.68,1020,"Business & Economics",2.434
11278,7,5,"M",1,0,3.73,1390,"Arts & Letters",3.712
11296,7,6,"F",1,0,4.05,1330,"Business & Economics",3.493
11313,7,6,"F",0,1,3.5,1420,"Business & Economics",3.272
11331,4,6,"M",0,0,3.6,1230,"Math & Science",1.704
11338,7,7,"M",1,0,3.71,1180,"Arts & Letters",3.586
11342,6,6,"M",1,0,3.64,1090,"Business & Economics",3.334
11354,6,7,"F",1,0,3.77,1450,"Arts & Letters",3.758
11362,6,6,"M",0,0,3.5,1170,"Business & Economics",2.791
11365,6,6,"M",0,0,3.11,1170,"Math & Science",2.838
11372,7,7,"F",0,0,3.64,1240,"Arts & Letters",2.721
11375,6,6,"M",1,0,3.59,1420,"Business & Economics",2.311
11382,2,2,"M",1,0,3.35,1100,"Business & Economics",2.785
11384,4,7,"M",0,0,4.3,1340,"Arts & Letters",3.226
11393,3,4,"F",1,0,4.16,1070,"Arts & Letters",3.364
11443,7,7,"F",0,0,3.71,1100,"Arts & Letters",3.512
11450,7,6,"F",0,1,3.58,1280,"Math & Science",2.648
11460,7,7,"M",0,1,4.1,1220,"Math & Science",3.181
11475,7,7,"F",0,1,3.91,1300,"Business & Economics",3.094
11494,6,6,"M",0,1,4.2,1270,"Business & Economics",3.378
11514,7,7,"F",0,0,4.17,1450,"Math & Science",3.117
11517,2,2,"M",0,1,3.45,1120,"Business & Economics",3.415
11541,6,6,"F",1,0,3.72,1280,"Arts & Letters",2.872
11546,7,6,"F",1,0,3.45,1100,"Math & Science",3.299
11554,6,6,"F",1,0,3.7,1150,"Arts & Letters",2.307
11566,7,6,"F",1,0,3.95,1250,"Arts & Letters",3.816
11574,3,3,"F",1,0,4,1190,"Business & Economics",3.207
11592,7,5,"M",0,0,4.05,1360,"Arts & Letters",3.39
11598,2,3,"F",1,0,3.73,1270,"Math & Science",2.459
11607,7,7,"F",1,0,3.96,1180,"Arts & Letters",3.423
11623,3,3,"F",1,0,3.5,940,"Business & Economics",2.881
11663,7,6,"F",1,0,4.17,1190,"Arts & Letters",3.752
11665,7,3,"M",0,0,3.54,1480,"Math & Science",3.258
11668,3,7,"F",0,1,3.26,1180,"Arts & Letters",2.509
11670,6,6,"M",1,0,3.29,1100,"Business & Economics",2.854
11673,6,3,"F",1,0,3.64,1020,"Math & Science",2.96
11693,1,1,"F",0,0,3.8,1120,"Math & Science",2.703
11722,4,4,"F",1,0,3.61,970,"Arts & Letters",3.068
11737,7,7,"F",1,0,4.08,1230,"Arts & Letters",3.547
11740,7,6,"M",0,0,3.59,1280,"Business & Economics",2.786
11769,6,6,"F",1,0,4.14,1120,"Math & Science",2.79
11786,4,6,"F",0,0,4,1180,"Arts & Letters",3.765
11789,7,7,"F",1,0,3.95,1410,"Business & Economics",3.404
11811,7,5,"F",1,0,3.57,970,"Arts & Letters",1.568
11822,7,6,"F",1,0,3.95,1230,"Math & Science",3.001
11824,1,3,"M",0,1,3.68,1110,"Business & Economics",2.83
11841,7,7,"F",1,0,4.08,1190,"Business & Economics",3.308
11848,7,7,"F",0,0,3.35,1230,"Business & Economics",3.144
11852,6,6,"F",1,0,3.64,1230,"Business & Economics",3.02
11860,6,7,"M",1,0,3.64,1180,"Business & Economics",2.907
11875,6,6,"M",1,0,3.3,1200,"Business & Economics",2.916
11900,7,6,"M",1,0,3.58,1240,"Business & Economics",2.969
11925,5,3,"M",0,0,3.36,970,"Business & Economics",0.364
11926,7,7,"F",1,0,4.1,1260,"Arts & Letters",2.793
11942,6,7,"M",1,0,4.4,1350,"Business & Economics",3.663
11963,7,6,"F",1,0,3.26,1430,"Arts & Letters",2.063
11973,7,6,"M",1,0,3.95,1120,"Math & Science",2.951
11975,3,4,"F",1,0,3.86,930,"Math & Science",3.102
11977,6,6,"M",1,0,3.82,1160,"Arts & Letters",3.343
11995,4,6,"F",0,0,3.5,1280,"Arts & Letters",3.536
12006,7,6,"F",1,0,3.75,1330,"Math & Science",3.368
12032,6,5,"F",0,0,3.91,1290,"Business & Economics",3.67
12039,6,6,"F",1,0,3.38,1100,"Arts & Letters",2.888
12043,6,6,"F",0,0,4.27,1430,"Math & Science",3.436
12046,4,6,"F",0,0,3.86,1050,"Math & Science",2.586
12047,3,6,"M",0,1,3.68,1250,"Business & Economics",2.861
12049,3,5,"F",1,0,3.27,1080,"Math & Science",2.585
12075,6,7,"F",1,0,4,1170,"Math & Science",3.37
12083,6,6,"F",1,0,3.41,1210,"Math & Science",2.86
12115,2,2,"M",0,1,3.76,1000,"Business & Economics",2.866
12121,3,1,"M",0,0,3.27,1070,"Business & Economics",1.689
12181,6,6,"F",1,0,3.25,1050,"Arts & Letters",3.274
12196,6,5,"F",1,0,3.61,1110,"Arts & Letters",3.099
12199,6,4,"F",1,0,3.59,1150,"Arts & Letters",3.192
12208,6,7,"M",1,0,2.62,1150,"Arts & Letters",1.488
12225,3,3,"F",1,0,3.88,1220,"Business & Economics",2.667
12243,5,5,"F",0,1,3.58,1320,"Math & Science",2.995
12273,4,7,"F",1,0,4.2,1360,"Math & Science",3.857
12280,3,3,"M",1,0,4.18,1390,"Math & Science",2.289
12285,7,3,"F",1,0,3.69,1090,"Arts & Letters",2.876
12311,6,5,"F",1,0,4.05,1160,"Math & Science",3.364
12321,6,4,"F",1,0,3.83,1240,"Business & Economics",3.649
12334,7,7,"F",1,0,3.75,1340,"Math & Science",2.763
12347,7,7,"F",1,0,4.14,1410,"Business & Economics",3.738
12372,6,6,"M",0,0,3.6,1270,"Business & Economics",3.003
12398,6,7,"F",1,0,2.88,1160,"Arts & Letters",2.903
12400,2,3,"M",0,0,3.13,940,"Math & Science",1.9
12413,3,6,"F",0,0,3.47,980,"Arts & Letters",3.309
12418,2,3,"F",0,1,4.17,1160,"Arts & Letters",3.527
12429,4,4,"F",1,0,3.39,1010,"Business & Economics",1.863
12443,2,6,"F",0,1,3.7,950,"Business & Economics",2.982
12447,5,3,"F",0,0,4.16,1240,"Math & Science",2.714
12451,6,4,"M",1,0,4.18,1230,"Business & Economics",2.684
12457,7,7,"M",1,0,3.82,1230,"Business & Economics",2.685
12474,6,3,"M",1,0,3.92,1300,"Math & Science",3.008
12482,4,3,"M",1,0,4.18,1350,"Math & Science",3.344
12500,3,6,"F",1,0,4.13,1380,"Business & Economics",3.172
12541,6,6,"M",1,0,4.28,1290,"Math & Science",3.066
12544,7,7,"M",1,0,3.5,1190,"Arts & Letters",2.999
12548,2,6,"F",0,0,3.77,1170,"Arts & Letters",2.982
12563,7,4,"F",0,1,3.7,1140,"Arts & Letters",2.897
12598,7,7,"F",1,0,3.9,1330,"Business & Economics",3.63
12632,6,7,"F",1,0,3.77,1280,"Arts & Letters",3.52
12646,5,6,"M",1,0,3.55,1270,"Business & Economics",3.137
12681,6,6,"F",0,1,3.54,1270,"Arts & Letters",2.91
12690,4,5,"F",1,0,3.64,1250,"Math & Science",3.738
12692,6,5,"M",1,0,3.42,1490,"Business & Economics",2.83
12697,6,5,"F",0,1,3.68,1290,"Business & Economics",2.887
12721,7,7,"M",0,0,2.83,1520,"Math & Science",3.137
12732,4,7,"M",1,0,4.21,1520,"Math & Science",3.888
12738,1,1,"F",0,1,3.62,1080,"Arts & Letters",2.912
12757,7,6,"M",1,0,3.71,1270,"Arts & Letters",3.925
12782,7,6,"F",1,0,3.83,1380,"Arts & Letters",3.138
12804,7,7,"M",1,0,3.67,1190,"Business & Economics",2.738
12816,3,5,"M",1,0,3.92,1030,"Business & Economics",3.084
12818,7,4,"M",1,0,3.44,1220,"Business & Economics",3.418
12819,3,3,"F",1,0,3.59,1370,"Business & Economics",3.298
12838,7,5,"M",0,0,3.5,1340,"Math & Science",2.644
12862,6,3,"M",0,0,3.6,1270,"Math & Science",3.028
12865,6,6,"F",1,0,3.86,1330,"Arts & Letters",3.206
12878,6,6,"F",1,0,3.57,1370,"Arts & Letters",3.629
12880,4,4,"F",0,0,4.18,1370,"Math & Science",3.138
12890,7,6,"F",1,0,3.59,1170,"Arts & Letters",3.075
12902,6,6,"M",1,0,4,1380,"Business & Economics",3.012
12940,7,7,"M",0,1,3.39,1320,"Business & Economics",2.399
12944,7,5,"M",1,0,3.23,1150,"Business & Economics",2.608
12956,7,6,"M",1,0,4.25,1170,"Math & Science",3.708
12971,6,7,"M",1,0,4.3,1170,"Business & Economics",1.65
13003,4,4,"M",1,0,3.44,1230,"Arts & Letters",3.164
13007,5,5,"F",1,0,4,1340,"Business & Economics",3.171
13009,6,5,"F",0,1,3.75,1440,"Math & Science",2.988
13016,6,2,"M",1,0,3.52,1070,"Business & Economics",2.682
13018,4,4,"F",1,0,3.21,1250,"Business & Economics",3.139
13023,6,4,"F",1,0,3.6,1370,"Math & Science",2.395
13024,7,7,"M",1,0,3.92,1430,"Arts & Letters",2.895
13044,6,4,"M",0,0,3.76,1340,"Arts & Letters",3.242
13058,6,7,"M",1,0,3.91,1270,"Business & Economics",2.774
13084,5,6,"F",0,1,3.53,1040,"Arts & Letters",2.798
13096,6,6,"F",1,0,3.95,1390,"Math & Science",2.745
13110,7,6,"F",1,0,3.79,1380,"Arts & Letters",3.329
13152,5,7,"F",1,0,4.15,1280,"Arts & Letters",3.475
13159,7,7,"F",0,0,3.5,1380,"Math & Science",2.637
13176,7,7,"F",1,0,4.09,1110,"Arts & Letters",3.835
13178,7,6,"M",1,0,3.42,1450,"Business & Economics",3.056
13185,6,5,"M",1,0,3.85,1280,"Arts & Letters",3.606
13188,6,6,"F",1,0,4,1140,"Math & Science",2.863
13191,6,6,"M",1,0,3.95,1240,"Math & Science",3.172
13205,6,6,"F",1,0,3.72,1430,"Arts & Letters",3.526
13223,4,7,"M",1,0,3.43,1220,"Business & Economics",3.141
13237,5,6,"F",1,0,4.05,1340,"Arts & Letters",3.165
13253,4,6,"F",1,0,3.92,1120,"Business & Economics",2.942
13257,7,6,"F",1,0,4.04,1270,"Business & Economics",2.94
13266,6,6,"F",0,1,3.85,1210,"Math & Science",3.003
13269,7,7,"F",0,0,3.84,1150,"Math & Science",3.9
13275,7,7,"F",1,0,4.26,1270,"Math & Science",3.159
13289,6,3,"F",1,0,3.68,1190,"Arts & Letters",3.458
13292,6,2,"M",0,0,3.64,1220,"Business & Economics",3.063
13295,1,1,"F",0,0,4.05,1110,"Arts & Letters",2.436
13299,3,4,"F",1,0,4.09,1340,"Business & Economics",3.365
13318,7,6,"F",1,0,3.15,1460,"Arts & Letters",3.136
13349,4,4,"F",1,0,3.35,1210,"Business & Economics",2.532
13354,6,6,"F",1,0,3.83,1210,"Math & Science",3.202
13358,7,7,"M",1,0,3.86,1110,"Business & Economics",2.992
13364,6,4,"M",1,0,3.67,1410,"Math & Science",3.173
13402,6,4,"M",0,1,3.5,1060,"Arts & Letters",2.674
13403,7,7,"F",0,1,3.46,1410,"Business & Economics",3.085
13408,6,3,"M",0,0,3.1,970,"Business & Economics",2.668
13409,7,7,"M",1,0,3.95,1340,"Business & Economics",3.727
13431,6,3,"M",1,0,4,1310,"Business & Economics",3.586
13467,6,6,"F",1,0,3.58,1210,"Business & Economics",3.133
13483,6,6,"M",0,0,3.33,1220,"Arts & Letters",3.046
13484,6,7,"F",1,0,4.04,1350,"Math & Science",2.858
13501,4,7,"F",0,0,3.93,1220,"Arts & Letters",3.308
13507,7,7,"F",1,0,4.16,1250,"Arts & Letters",3.7
13517,2,6,"F",0,1,3.86,1270,"Math & Science",3.691
13519,5,4,"F",0,1,3.41,1250,"Business & Economics",3.234
13530,5,7,"M",0,0,3.79,1330,"Business & Economics",2.781
13548,6,6,"F",1,0,4.27,1260,"Arts & Letters",3.785
13560,6,6,"F",1,0,3.03,1240,"Arts & Letters",2.642
13568,7,7,"M",1,0,4.08,1310,"Math & Science",3.709
13594,5,5,"F",0,0,3.36,1090,"Arts & Letters",2.389
13612,3,7,"F",0,1,3.68,1310,"Business & Economics",3.21
13628,4,4,"F",1,0,4.05,1380,"Business & Economics",3.057
13636,6,4,"F",1,0,3.8,1260,"Math & Science",2.821
13639,1,1,"F",0,0,3.45,1090,"Math & Science",2.587
13664,2,2,"F",1,0,3.5,1120,"Arts & Letters",2.586
13671,6,6,"M",0,1,3.46,1400,"Arts & Letters",3.128
13726,6,7,"F",0,0,3.54,1260,"Arts & Letters",3.051
13753,7,7,"M",0,1,3.45,1380,"Arts & Letters",3.667
13754,3,3,"M",0,0,3.19,1080,"Math & Science",2.304
13763,7,4,"M",0,0,3.83,1470,"Math & Science",3.493
13768,7,6,"M",1,0,3.59,1190,"Arts & Letters",3.017
13772,7,6,"M",1,0,3.57,1210,"Math & Science",2.1
13788,7,7,"F",0,1,4.3,1410,"Business & Economics",3.872
13807,7,6,"F",0,1,3.54,1340,"Arts & Letters",3.301
13847,2,4,"F",0,1,4,1210,"Math & Science",2.814
13863,7,7,"F",0,0,4.25,1170,"Math & Science",3.026
13873,6,6,"F",0,0,3.55,1110,"Arts & Letters",3.288
13888,6,6,"M",1,0,3.59,1210,"Arts & Letters",2.123
13920,6,6,"M",0,1,3.67,1350,"Business & Economics",2.898
13947,6,5,"M",0,0,3.25,1070,"Arts & Letters",2.381
13979,5,6,"M",1,0,3.19,1130,"Arts & Letters",2.738
13981,6,4,"F",0,0,4.16,1340,"Business & Economics",3.833
13994,6,7,"M",1,0,4.05,1250,"Math & Science",2.433
13998,4,6,"M",0,1,3.5,1120,"Math & Science",0.717
14010,6,2,"F",1,0,3.73,1260,"Math & Science",3.492
14022,7,7,"M",0,1,4.3,1550,"Math & Science",3.618
14037,4,4,"M",0,1,3.82,1440,"Business & Economics",3.28
14046,3,3,"F",1,0,4.33,1340,"Arts & Letters",3.833
14048,6,6,"F",1,0,3.84,1400,"Arts & Letters",3.252
14073,6,3,"M",1,0,4,1040,"Arts & Letters",3.03
14079,1,1,"F",0,0,3.64,920,"Math & Science",2.845
14114,6,4,"F",1,0,4,1280,"Math & Science",2.773
14119,7,4,"F",0,0,4.08,1350,"Math & Science",2.966
14153,2,2,"M",0,1,3.06,1110,"Math & Science",2.704
14186,4,4,"F",1,0,3.88,1360,"Arts & Letters",3.146
14206,7,7,"M",1,0,3.86,1370,"Math & Science",2.886
14218,7,6,"M",0,0,3.2,1180,"Arts & Letters",2.395
14219,5,3,"M",1,0,3.28,1240,"Arts & Letters",2.571
14228,2,2,"F",1,0,3.62,1080,"Arts & Letters",1.792
14287,6,4,"F",1,0,3.83,1070,"Business & Economics",2.736
14350,7,6,"F",1,0,3.68,1390,"Arts & Letters",3.56
14356,6,6,"M",0,0,3.59,1470,"Business & Economics",2.844
14368,4,3,"F",1,0,3.53,960,"Math & Science",2.365
14371,3,3,"M",1,0,3.64,1260,"Business & Economics",2.051
14381,7,7,"F",1,0,3.69,1230,"Arts & Letters",3.429
14403,2,3,"M",0,1,3.86,1160,"Business & Economics",3.122
14425,6,6,"F",1,0,3.91,1190,"Arts & Letters",3.507
14446,7,6,"F",1,0,4.04,1200,"Math & Science",2.655
14450,6,3,"M",1,0,3.43,1100,"Arts & Letters",3.155
14474,5,7,"F",0,0,3.8,1250,"Arts & Letters",3.596
14486,7,4,"F",1,0,4.14,1220,"Business & Economics",3.475
14521,2,2,"M",0,1,3.96,1430,"Business & Economics",2.192
14524,6,6,"F",0,0,3.32,1120,"Arts & Letters",2.991
14540,6,6,"M",0,0,3.67,1340,"Arts & Letters",2.757
14547,6,6,"F",0,0,3.75,1410,"Math & Science",3.069
14572,4,5,"F",1,0,4.13,1390,"Math & Science",3.183
14588,4,4,"M",0,0,2.6,860,"Business & Economics",2.525
14627,6,2,"F",1,0,3.96,1330,"Business & Economics",3.329
14657,6,4,"F",0,1,4.31,1280,"Math & Science",3.021
14711,6,6,"M",0,1,3.68,1300,"Business & Economics",2.957
14764,3,4,"F",0,1,3.3,1100,"Math & Science",3.149
14779,6,4,"F",1,0,3.75,1060,"Arts & Letters",2.679
14791,6,6,"F",1,0,3.95,1290,"Arts & Letters",3.472
14829,6,6,"M",1,0,3.8,1230,"Business & Economics",3.22
14830,6,6,"F",0,1,4.25,1270,"Arts & Letters",3.855
14847,7,3,"M",0,0,3.39,1200,"Business & Economics",1.844
14876,5,6,"F",1,0,3.64,1080,"Arts & Letters",3.584
14896,6,6,"F",1,0,4.05,1240,"Arts & Letters",3.473
14915,6,4,"F",1,0,3.44,1230,"Math & Science",3.306
14943,6,4,"F",1,0,3.81,1070,"Arts & Letters",2.327
14956,7,7,"M",1,0,3.04,1050,"Arts & Letters",3.006
14967,6,6,"F",1,0,4,1260,"Math & Science",1.9
14982,6,6,"M",1,0,3.6,1020,"Business & Economics",1.678
15036,3,4,"F",0,0,3.58,1110,"Arts & Letters",2.784
15047,6,6,"F",0,1,3.55,1180,"Arts & Letters",3.328
15059,6,6,"F",1,0,3.71,1270,"Business & Economics",3.476
15063,7,3,"F",1,0,3.96,1350,"Arts & Letters",3.626
15082,3,4,"M",1,0,4,1440,"Arts & Letters",3.689
15121,6,4,"M",1,0,3.83,1220,"Business & Economics",1.182
15172,6,5,"M",1,0,4.09,1470,"Math & Science",3.204
15219,6,6,"F",1,0,4.3,1450,"Business & Economics",3.6
15228,4,5,"F",0,0,4.07,1270,"Math & Science",3.685
15256,5,6,"M",0,1,3.82,1330,"Business & Economics",3.237
15258,7,7,"F",1,0,3.07,1150,"Math & Science",3.161
15259,6,7,"F",0,1,4.25,1230,"Math & Science",3.305
15260,6,7,"F",1,0,4,1120,"Math & Science",2.97
15271,4,3,"M",1,0,4.26,1300,"Business & Economics",3.912
15290,7,4,"M",0,0,3.5,1190,"Business & Economics",2.466
15294,2,6,"M",0,0,3.73,990,"Arts & Letters",1.338
15306,7,7,"M",1,0,3.74,1270,"Business & Economics",2.72
15311,6,6,"F",1,0,4.05,1210,"Math & Science",3.757
15330,7,7,"F",0,0,3.96,990,"Arts & Letters",2.814
15368,6,6,"F",0,0,3.65,1190,"Math & Science",2.993
15384,1,1,"M",0,1,3.45,1160,"Business & Economics",2.212
15423,1,1,"F",0,1,3.87,1170,"Business & Economics",2.725
15434,6,6,"F",1,0,4.32,1370,"Math & Science",3.859
15459,6,6,"F",0,1,3.86,1140,"Math & Science",3.75
15463,3,4,"F",1,0,3.62,980,"Business & Economics",1.941
15476,6,6,"M",0,1,3.56,1350,"Business & Economics",2.784
15495,4,4,"F",0,1,3.58,1120,"Arts & Letters",3.028
15507,6,6,"F",0,0,3.37,1100,"Arts & Letters",2.734
15519,7,6,"M",1,0,3.86,1230,"Business & Economics",3.748
15560,7,4,"F",1,0,4.08,1350,"Arts & Letters",3.374
15561,3,3,"F",0,0,4.08,1100,"Business & Economics",2.977
15581,6,6,"M",1,0,3.77,1200,"Business & Economics",2.806
15590,6,4,"M",1,0,3.95,1370,"Business & Economics",2.472
15608,6,4,"M",1,0,3.57,1280,"Math & Science",3.25
15614,7,5,"F",0,0,4.25,1350,"Arts & Letters",3.783
15669,1,1,"F",0,1,4.14,910,"Math & Science",2.681
15671,6,6,"M",0,0,3.5,1120,"Business & Economics",2.108
15683,7,6,"F",1,0,3.71,1150,"Arts & Letters",3.188
15684,6,5,"F",1,0,4.16,1040,"Arts & Letters",3.205
15708,4,4,"F",1,0,4,1090,"Math & Science",3.076
15711,5,6,"M",1,0,4.05,1150,"Math & Science",3.22
15735,7,7,"M",0,0,3.13,1210,"Math & Science",3.522
15737,4,4,"M",0,0,4.09,1040,"Math & Science",2.352
15747,7,5,"F",1,0,4.21,1370,"Arts & Letters",3.719
15761,6,6,"F",1,0,3.88,1190,"Business & Economics",3.094
15771,7,6,"M",0,0,3.45,1270,"Business & Economics",2.649
15791,7,4,"F",1,0,4.15,1110,"Math & Science",1.72
15808,3,4,"F",1,0,4.35,1340,"Arts & Letters",3.361
15825,2,4,"M",1,0,3.81,1340,"Business & Economics",3.074
15837,6,4,"M",0,0,4.04,1330,"Math & Science",3.38
15885,6,6,"F",0,1,3.64,1180,"Arts & Letters",2.474
15903,6,5,"F",0,1,3.96,1370,"Business & Economics",3.555
15914,7,7,"M",1,0,4,1120,"Business & Economics",2.647
15926,2,4,"F",0,0,3.86,900,"Business & Economics",2.802
15932,6,4,"M",1,0,3.78,1240,"Business & Economics",2.981
15971,4,6,"M",1,0,3.85,1340,"Math & Science",2.736
15974,7,4,"M",1,0,4.25,1180,"Business & Economics",3.195
16038,6,6,"F",1,0,3.83,1170,"Arts & Letters",3.338
16094,7,6,"M",1,0,3.77,1210,"Math & Science",2.836
16139,1,1,"M",0,1,3.55,1220,"Business & Economics",2.045
16173,6,3,"M",1,0,4,1550,"Business & Economics",3.46
16200,7,5,"F",1,0,3.97,1400,"Business & Economics",3.704
16252,4,6,"M",1,0,3.45,1330,"Math & Science",2.07
16296,4,4,"M",0,0,3.23,880,"Arts & Letters",2.695
16321,6,5,"M",1,0,3.92,1350,"Business & Economics",3.336
16378,5,3,"M",1,0,3.83,1430,"Business & Economics",3.096
16388,6,4,"F",1,0,4.36,1400,"Arts & Letters",3.806
16438,6,4,"F",1,0,4.32,1480,"Math & Science",3.528
16439,4,4,"F",1,0,3.35,1150,"Math & Science",3.17
16462,4,1,"F",0,0,3.83,1060,"Business & Economics",2.728
16473,7,7,"F",0,0,3.54,990,"Math & Science",2.974
16484,7,3,"M",1,0,4.04,1200,"Math & Science",3.363
16493,7,7,"F",1,0,4.07,1420,"Math & Science",3.832
16507,7,4,"F",0,0,3.8,960,"Math & Science",0.94
16544,7,7,"M",1,0,3.72,1270,"Math & Science",3.445
16565,6,4,"M",1,0,3.74,1450,"Math & Science",2.66
16573,2,2,"F",0,0,3.67,1070,"Business & Economics",2.699
16582,3,3,"F",1,0,3.2,1140,"Math & Science",2.755
16607,7,7,"M",0,0,3.41,1160,"Math & Science",0.891
16621,1,1,"F",0,1,3.57,1170,"Business & Economics",1.515
16662,6,4,"M",1,0,3.95,1150,"Business & Economics",3.366
16676,4,3,"M",1,0,3.46,1260,"Arts & Letters",2.176
16713,1,1,"F",0,0,3.5,1030,"Arts & Letters",0.889
16714,6,6,"F",0,0,3.82,1270,"Business & Economics",3.245
16739,5,6,"M",1,0,3.73,1290,"Business & Economics",2.872
16752,6,4,"F",1,0,3.92,1220,"Arts & Letters",3.574
16754,6,5,"F",1,0,3.45,1220,"Arts & Letters",2.759
16759,4,3,"M",0,1,3.5,1160,"Business & Economics",2.859
16766,4,7,"M",0,0,3.09,1510,"Math & Science",2.961
16777,7,4,"M",0,0,4,1410,"Math & Science",3.079
16785,1,6,"F",0,0,4,1040,"Math & Science",2.33
16786,3,3,"M",1,0,4.11,1390,"Math & Science",3.523
16810,4,3,"F",0,1,3.54,1340,"Business & Economics",3.172
16814,2,2,"F",0,1,3.5,1410,"Math & Science",2.733
16855,6,3,"M",0,0,3.94,1210,"Business & Economics",3.568
16864,6,5,"M",1,0,3.91,1260,"Arts & Letters",3.207
16906,4,4,"F",0,0,3.8,900,"Math & Science",1.857
17068,7,3,"M",1,0,4.12,1120,"Math & Science",2.557
17142,7,3,"M",0,0,3.7,1250,"Math & Science",2.288
17231,7,6,"M",0,1,3.75,1170,"Business & Economics",3.065
17243,6,7,"M",0,0,3.55,1240,"Arts & Letters",2.953
17265,4,5,"M",0,0,3.08,950,"Business & Economics",2.09
17281,4,4,"F",0,0,3.71,1200,"Arts & Letters",3.268
17318,6,6,"F",0,0,3.91,1360,"Arts & Letters",3.854
17329,7,7,"F",1,0,3.8,1120,"Math & Science",3.338
17330,4,4,"M",0,0,3.28,1090,"Business & Economics",2.552
17331,2,5,"M",0,0,2.8,1010,"Arts & Letters",2.555
17333,7,4,"M",1,0,3.04,1130,"Business & Economics",3.296
17334,4,6,"M",1,0,2.8,1210,"Math & Science",1.578
17335,7,6,"M",0,0,3.42,1000,"Math & Science",1.947
17338,7,6,"M",1,0,3.05,1130,"Business & Economics",2.939
